guid/image/axis,value
87e9e215-a030-476d-ac5f-f1f4d06ac0c9/0000/r,12.5832205
87e9e215-a030-476d-ac5f-f1f4d06ac0c9/0000/theta,4.7108126
d441b25e-dd7d-46c2-895d-2510bcbd207d/0055/r,49.135174
d441b25e-dd7d-46c2-895d-2510bcbd207d/0055/theta,-19.672464
05ccd11f-9082-4273-aefa-f8386f9ac125/0003/r,42.18276
05ccd11f-9082-4273-aefa-f8386f9ac125/0003/theta,-16.864496
c6efa238-f063-407a-9f5c-81bb9983302e/0016/r,40.45872
c6efa238-f063-407a-9f5c-81bb9983302e/0016/theta,29.156078
5d07a8d5-1fed-47ef-8bb7-a6074763e09e/0032/r,19.13528
5d07a8d5-1fed-47ef-8bb7-a6074763e09e/0032/theta,-42.79336
5d07a8d5-1fed-47ef-8bb7-a6074763e09e/0000/r,7.5335407
5d07a8d5-1fed-47ef-8bb7-a6074763e09e/0000/theta,13.891564
6cc9eaa6-ab67-4102-b088-4ab6efa2af6e/0026/r,21.739717
6cc9eaa6-ab67-4102-b088-4ab6efa2af6e/0026/theta,22.511597
d441b25e-dd7d-46c2-895d-2510bcbd207d/0008/r,41.523632
d441b25e-dd7d-46c2-895d-2510bcbd207d/0008/theta,12.910319
87e9e215-a030-476d-ac5f-f1f4d06ac0c9/0066/r,11.13811
87e9e215-a030-476d-ac5f-f1f4d06ac0c9/0066/theta,3.9141295
7363cba9-9fbb-4fd2-8c07-e46bed2e1f33/0017/r,10.583808
7363cba9-9fbb-4fd2-8c07-e46bed2e1f33/0017/theta,6.4867334
d441b25e-dd7d-46c2-895d-2510bcbd207d/0028/r,12.678598
d441b25e-dd7d-46c2-895d-2510bcbd207d/0028/theta,-19.173615
eccfbc47-1e2f-4754-9fa7-4f56903cd13d/0025/r,5.065384
eccfbc47-1e2f-4754-9fa7-4f56903cd13d/0025/theta,-30.070274
5d07a8d5-1fed-47ef-8bb7-a6074763e09e/0048/r,12.375025
5d07a8d5-1fed-47ef-8bb7-a6074763e09e/0048/theta,-0.41202784
aa3e1716-992d-48a6-9b2b-1abef589b301/0018/r,11.027674
aa3e1716-992d-48a6-9b2b-1abef589b301/0018/theta,5.808049
0382f411-9b8a-47dc-bd88-eac8245a28ee/0045/r,24.1003
0382f411-9b8a-47dc-bd88-eac8245a28ee/0045/theta,-11.380221
f8b71ebf-da9e-408f-a080-6a972365160b/0008/r,13.503699
f8b71ebf-da9e-408f-a080-6a972365160b/0008/theta,26.641588
6662fdd2-4512-4fce-84b0-717edcd5f54c/0024/r,18.895512
6662fdd2-4512-4fce-84b0-717edcd5f54c/0024/theta,-29.97872
f8e9737c-639e-433f-8f28-2d7660d63181/0022/r,41.130253
f8e9737c-639e-433f-8f28-2d7660d63181/0022/theta,1.5132768
6662fdd2-4512-4fce-84b0-717edcd5f54c/0003/r,32.104797
6662fdd2-4512-4fce-84b0-717edcd5f54c/0003/theta,-11.700517
f231aa86-53f9-4ddf-b163-0bb421b5c1b1/0002/r,41.87491
f231aa86-53f9-4ddf-b163-0bb421b5c1b1/0002/theta,-34.62046
4819ef9e-e93e-479b-a613-dca8f9be3d45/0000/r,42.692196
4819ef9e-e93e-479b-a613-dca8f9be3d45/0000/theta,-9.052799
59f19071-a9b1-4de8-b7fd-2a862d2ae674/0018/r,24.416298
59f19071-a9b1-4de8-b7fd-2a862d2ae674/0018/theta,-7.370243
6cc9eaa6-ab67-4102-b088-4ab6efa2af6e/0001/r,23.99619
6cc9eaa6-ab67-4102-b088-4ab6efa2af6e/0001/theta,3.8355315
d441b25e-dd7d-46c2-895d-2510bcbd207d/0046/r,9.840412
d441b25e-dd7d-46c2-895d-2510bcbd207d/0046/theta,-43.102608
0213ada8-e776-4404-9312-c264153c57c1/0008/r,7.573922
0213ada8-e776-4404-9312-c264153c57c1/0008/theta,13.670306
05ccd11f-9082-4273-aefa-f8386f9ac125/0055/r,40.184555
05ccd11f-9082-4273-aefa-f8386f9ac125/0055/theta,21.398994
94df467e-76d8-42c3-b45d-dcebf6131998/0008/r,6.4259205
94df467e-76d8-42c3-b45d-dcebf6131998/0008/theta,1.632529
aa3e1716-992d-48a6-9b2b-1abef589b301/0007/r,23.214323
aa3e1716-992d-48a6-9b2b-1abef589b301/0007/theta,25.40828
0213ada8-e776-4404-9312-c264153c57c1/0007/r,7.991235
0213ada8-e776-4404-9312-c264153c57c1/0007/theta,8.630342
561f3498-8181-4eca-bfda-5f3d61ba76ef/0004/r,46.871914
561f3498-8181-4eca-bfda-5f3d61ba76ef/0004/theta,-17.167166
4b19b5e5-260b-4fbc-83c2-f24eeacdcc64/0022/r,17.290493
4b19b5e5-260b-4fbc-83c2-f24eeacdcc64/0022/theta,-22.311493
ee2d1ee9-dd1d-4e63-9881-19205c5dae27/0072/r,9.056897
ee2d1ee9-dd1d-4e63-9881-19205c5dae27/0072/theta,3.5108378
0213ada8-e776-4404-9312-c264153c57c1/0020/r,13.566108
0213ada8-e776-4404-9312-c264153c57c1/0020/theta,5.8751545
6662fdd2-4512-4fce-84b0-717edcd5f54c/0054/r,26.360716
6662fdd2-4512-4fce-84b0-717edcd5f54c/0054/theta,36.854343
ee2d1ee9-dd1d-4e63-9881-19205c5dae27/0058/r,8.08531
ee2d1ee9-dd1d-4e63-9881-19205c5dae27/0058/theta,4.319768
6cc9eaa6-ab67-4102-b088-4ab6efa2af6e/0036/r,22.972946
6cc9eaa6-ab67-4102-b088-4ab6efa2af6e/0036/theta,36.243404
eccfbc47-1e2f-4754-9fa7-4f56903cd13d/0020/r,25
eccfbc47-1e2f-4754-9fa7-4f56903cd13d/0020/theta,0
59f19071-a9b1-4de8-b7fd-2a862d2ae674/0003/r,26.60561
59f19071-a9b1-4de8-b7fd-2a862d2ae674/0003/theta,-35.589947
030a2430-5503-47c8-87df-8df226c188b2/0054/r,14.730311
030a2430-5503-47c8-87df-8df226c188b2/0054/theta,-0.29325604
030a2430-5503-47c8-87df-8df226c188b2/0057/r,15.531175
030a2430-5503-47c8-87df-8df226c188b2/0057/theta,-0.0065538883
7363cba9-9fbb-4fd2-8c07-e46bed2e1f33/0015/r,19.20979
7363cba9-9fbb-4fd2-8c07-e46bed2e1f33/0015/theta,2.0120158
561f3498-8181-4eca-bfda-5f3d61ba76ef/0012/r,22.808771
561f3498-8181-4eca-bfda-5f3d61ba76ef/0012/theta,-8.761755
87e9e215-a030-476d-ac5f-f1f4d06ac0c9/0057/r,12.54399
87e9e215-a030-476d-ac5f-f1f4d06ac0c9/0057/theta,2.3644955
bc97d88d-8c86-4653-86a5-4597485ce018/0020/r,19.582207
bc97d88d-8c86-4653-86a5-4597485ce018/0020/theta,-8.842335
21466ee9-c1b6-4699-afcc-84128f8d0b1e/0020/r,30.704376
21466ee9-c1b6-4699-afcc-84128f8d0b1e/0020/theta,2.0707448
0213ada8-e776-4404-9312-c264153c57c1/0032/r,33.445957
0213ada8-e776-4404-9312-c264153c57c1/0032/theta,-8.839028
6cd404eb-1c36-4bde-b9b1-24b39b2c715f/0019/r,47.183887
6cd404eb-1c36-4bde-b9b1-24b39b2c715f/0019/theta,5.0387793
aa3e1716-992d-48a6-9b2b-1abef589b301/0015/r,33.25606
aa3e1716-992d-48a6-9b2b-1abef589b301/0015/theta,2.420406
21466ee9-c1b6-4699-afcc-84128f8d0b1e/0036/r,12.402282
21466ee9-c1b6-4699-afcc-84128f8d0b1e/0036/theta,0.33837128
58e8bf48-c131-42fb-b5f6-f63e6dc09483/0006/r,5.8554497
58e8bf48-c131-42fb-b5f6-f63e6dc09483/0006/theta,-42.930477
4b19b5e5-260b-4fbc-83c2-f24eeacdcc64/0008/r,8.562273
4b19b5e5-260b-4fbc-83c2-f24eeacdcc64/0008/theta,-27.189484
f8b71ebf-da9e-408f-a080-6a972365160b/0040/r,9.858385
f8b71ebf-da9e-408f-a080-6a972365160b/0040/theta,9.725118
aa3e1716-992d-48a6-9b2b-1abef589b301/0014/r,33.656826
aa3e1716-992d-48a6-9b2b-1abef589b301/0014/theta,0.94261336
ee2d1ee9-dd1d-4e63-9881-19205c5dae27/0064/r,8.766467
ee2d1ee9-dd1d-4e63-9881-19205c5dae27/0064/theta,3.593547
8cfc1ad6-6b03-40bc-8f6e-4215a6741bc3/0000/r,44.92676
8cfc1ad6-6b03-40bc-8f6e-4215a6741bc3/0000/theta,-18.077808
c6efa238-f063-407a-9f5c-81bb9983302e/0011/r,41.67036
c6efa238-f063-407a-9f5c-81bb9983302e/0011/theta,-11.2050495
a7300ae2-80c6-4a3f-ab9c-9f88f5299b67/0017/r,5.9449034
a7300ae2-80c6-4a3f-ab9c-9f88f5299b67/0017/theta,-33.25155
75aeccb7-a82d-4013-9962-e9c9039c264d/0021/r,29.343582
75aeccb7-a82d-4013-9962-e9c9039c264d/0021/theta,9.977203
8fbecc89-51bb-4569-93b3-15a163050cfc/0002/r,38.23703
8fbecc89-51bb-4569-93b3-15a163050cfc/0002/theta,-29.383362
0382f411-9b8a-47dc-bd88-eac8245a28ee/0030/r,15.312162
0382f411-9b8a-47dc-bd88-eac8245a28ee/0030/theta,-18.910337
77d40a22-9c26-4258-a3cc-a92789bd692e/0019/r,12.06639
77d40a22-9c26-4258-a3cc-a92789bd692e/0019/theta,-20.074629
21466ee9-c1b6-4699-afcc-84128f8d0b1e/0002/r,20.26354
21466ee9-c1b6-4699-afcc-84128f8d0b1e/0002/theta,-1.9757576
c6efa238-f063-407a-9f5c-81bb9983302e/0008/r,42.692078
c6efa238-f063-407a-9f5c-81bb9983302e/0008/theta,-33.48517
0213ada8-e776-4404-9312-c264153c57c1/0049/r,25
0213ada8-e776-4404-9312-c264153c57c1/0049/theta,0
ec1672b2-15ee-4dcb-a6a0-1f524a1977d4/0013/r,49.9046
ec1672b2-15ee-4dcb-a6a0-1f524a1977d4/0013/theta,0.31344962
f7641633-c393-4115-9278-0d9b4dbf391b/0045/r,25.477737
f7641633-c393-4115-9278-0d9b4dbf391b/0045/theta,4.5271845
0382f411-9b8a-47dc-bd88-eac8245a28ee/0011/r,43.88283
0382f411-9b8a-47dc-bd88-eac8245a28ee/0011/theta,-17.788847
55bfa58c-415e-443e-aaa0-c6716f66f780/0042/r,22.24922
55bfa58c-415e-443e-aaa0-c6716f66f780/0042/theta,38.031227
6662fdd2-4512-4fce-84b0-717edcd5f54c/0012/r,29.357208
6662fdd2-4512-4fce-84b0-717edcd5f54c/0012/theta,-10.581231
e8bd0d0d-7332-4698-a425-05be2697d3a5/0003/r,13.959161
e8bd0d0d-7332-4698-a425-05be2697d3a5/0003/theta,0.1822877
87e9e215-a030-476d-ac5f-f1f4d06ac0c9/0011/r,38.163906
87e9e215-a030-476d-ac5f-f1f4d06ac0c9/0011/theta,-18.1764
59f19071-a9b1-4de8-b7fd-2a862d2ae674/0016/r,26.770311
59f19071-a9b1-4de8-b7fd-2a862d2ae674/0016/theta,-38.83778
6662fdd2-4512-4fce-84b0-717edcd5f54c/0022/r,28.450853
6662fdd2-4512-4fce-84b0-717edcd5f54c/0022/theta,-8.64402
fdf23cc5-6850-4507-996e-3e75cec90b5f/0005/r,23.059383
fdf23cc5-6850-4507-996e-3e75cec90b5f/0005/theta,2.7357771
561f3498-8181-4eca-bfda-5f3d61ba76ef/0020/r,23.559982
561f3498-8181-4eca-bfda-5f3d61ba76ef/0020/theta,4.2263107
59f19071-a9b1-4de8-b7fd-2a862d2ae674/0004/r,37.67303
59f19071-a9b1-4de8-b7fd-2a862d2ae674/0004/theta,-9.87682
f7641633-c393-4115-9278-0d9b4dbf391b/0020/r,48.195568
f7641633-c393-4115-9278-0d9b4dbf391b/0020/theta,8.95315
6cc9eaa6-ab67-4102-b088-4ab6efa2af6e/0031/r,22.210712
6cc9eaa6-ab67-4102-b088-4ab6efa2af6e/0031/theta,-14.411337
ec1672b2-15ee-4dcb-a6a0-1f524a1977d4/0014/r,28.099579
ec1672b2-15ee-4dcb-a6a0-1f524a1977d4/0014/theta,-5.119749
0213ada8-e776-4404-9312-c264153c57c1/0009/r,6.9410763
0213ada8-e776-4404-9312-c264153c57c1/0009/theta,5.52439
0213ada8-e776-4404-9312-c264153c57c1/0005/r,9.094325
0213ada8-e776-4404-9312-c264153c57c1/0005/theta,4.9683266
a7300ae2-80c6-4a3f-ab9c-9f88f5299b67/0016/r,17.940165
a7300ae2-80c6-4a3f-ab9c-9f88f5299b67/0016/theta,47.071766
b89ca3c0-b361-43f8-b261-ab7eabe8eabf/0003/r,14.480382
b89ca3c0-b361-43f8-b261-ab7eabe8eabf/0003/theta,30.495266
eccfbc47-1e2f-4754-9fa7-4f56903cd13d/0005/r,44.6003
eccfbc47-1e2f-4754-9fa7-4f56903cd13d/0005/theta,-7.994667
6662fdd2-4512-4fce-84b0-717edcd5f54c/0065/r,16.929945
6662fdd2-4512-4fce-84b0-717edcd5f54c/0065/theta,-13.3684
6662fdd2-4512-4fce-84b0-717edcd5f54c/0005/r,30.713661
6662fdd2-4512-4fce-84b0-717edcd5f54c/0005/theta,-12.501706
aa3e1716-992d-48a6-9b2b-1abef589b301/0009/r,26.643715
aa3e1716-992d-48a6-9b2b-1abef589b301/0009/theta,-2.1860206
ee2d1ee9-dd1d-4e63-9881-19205c5dae27/0031/r,6.5509853
ee2d1ee9-dd1d-4e63-9881-19205c5dae27/0031/theta,4.1920223
4819ef9e-e93e-479b-a613-dca8f9be3d45/0004/r,28.271006
4819ef9e-e93e-479b-a613-dca8f9be3d45/0004/theta,-32.816605
5d07a8d5-1fed-47ef-8bb7-a6074763e09e/0004/r,8.204448
5d07a8d5-1fed-47ef-8bb7-a6074763e09e/0004/theta,3.2832844
ec1672b2-15ee-4dcb-a6a0-1f524a1977d4/0006/r,5.145092
ec1672b2-15ee-4dcb-a6a0-1f524a1977d4/0006/theta,37.418457
87e9e215-a030-476d-ac5f-f1f4d06ac0c9/0063/r,11.734935
87e9e215-a030-476d-ac5f-f1f4d06ac0c9/0063/theta,5.31726
561f3498-8181-4eca-bfda-5f3d61ba76ef/0036/r,24.040817
561f3498-8181-4eca-bfda-5f3d61ba76ef/0036/theta,1.7829449
7363cba9-9fbb-4fd2-8c07-e46bed2e1f33/0021/r,13.882687
7363cba9-9fbb-4fd2-8c07-e46bed2e1f33/0021/theta,6.7029715
0213ada8-e776-4404-9312-c264153c57c1/0048/r,25
0213ada8-e776-4404-9312-c264153c57c1/0048/theta,0
5d07a8d5-1fed-47ef-8bb7-a6074763e09e/0011/r,7.2575855
5d07a8d5-1fed-47ef-8bb7-a6074763e09e/0011/theta,2.9004514
0382f411-9b8a-47dc-bd88-eac8245a28ee/0055/r,35.181072
0382f411-9b8a-47dc-bd88-eac8245a28ee/0055/theta,-19.223793
21466ee9-c1b6-4699-afcc-84128f8d0b1e/0023/r,20.615309
21466ee9-c1b6-4699-afcc-84128f8d0b1e/0023/theta,2.883167
94835623-ca6c-4ac4-82d4-0e63c1b7c16a/0030/r,8.842343
94835623-ca6c-4ac4-82d4-0e63c1b7c16a/0030/theta,-30.889902
cfb2daae-611b-4b73-9084-6dbf68c8343d/0008/r,7.8236094
cfb2daae-611b-4b73-9084-6dbf68c8343d/0008/theta,-25.412724
fdf23cc5-6850-4507-996e-3e75cec90b5f/0004/r,18.03711
fdf23cc5-6850-4507-996e-3e75cec90b5f/0004/theta,6.0458965
6cc9eaa6-ab67-4102-b088-4ab6efa2af6e/0033/r,25
6cc9eaa6-ab67-4102-b088-4ab6efa2af6e/0033/theta,0
f8b71ebf-da9e-408f-a080-6a972365160b/0001/r,45.123177
f8b71ebf-da9e-408f-a080-6a972365160b/0001/theta,-8.073669
030a2430-5503-47c8-87df-8df226c188b2/0063/r,18.164616
030a2430-5503-47c8-87df-8df226c188b2/0063/theta,-0.5828712
f7641633-c393-4115-9278-0d9b4dbf391b/0026/r,35.994663
f7641633-c393-4115-9278-0d9b4dbf391b/0026/theta,-26.718431
33258271-d00b-47bb-a09a-4db79a4717e0/0020/r,49.809727
33258271-d00b-47bb-a09a-4db79a4717e0/0020/theta,-6.440652
75aeccb7-a82d-4013-9962-e9c9039c264d/0022/r,39.748985
75aeccb7-a82d-4013-9962-e9c9039c264d/0022/theta,38.514168
75aeccb7-a82d-4013-9962-e9c9039c264d/0013/r,42.61823
75aeccb7-a82d-4013-9962-e9c9039c264d/0013/theta,-9.3356695
21466ee9-c1b6-4699-afcc-84128f8d0b1e/0008/r,19.434744
21466ee9-c1b6-4699-afcc-84128f8d0b1e/0008/theta,4.8317404
94df467e-76d8-42c3-b45d-dcebf6131998/0011/r,7.7832384
94df467e-76d8-42c3-b45d-dcebf6131998/0011/theta,3.9943945
43125b79-258a-42c8-8572-fcad85e3c3be/0002/r,26.156788
43125b79-258a-42c8-8572-fcad85e3c3be/0002/theta,-38.29391
c6efa238-f063-407a-9f5c-81bb9983302e/0019/r,14.22364
c6efa238-f063-407a-9f5c-81bb9983302e/0019/theta,27.309498
f8e9737c-639e-433f-8f28-2d7660d63181/0039/r,8.858403
f8e9737c-639e-433f-8f28-2d7660d63181/0039/theta,-49.93597
6662fdd2-4512-4fce-84b0-717edcd5f54c/0052/r,9.726185
6662fdd2-4512-4fce-84b0-717edcd5f54c/0052/theta,19.811344
94df467e-76d8-42c3-b45d-dcebf6131998/0009/r,7.202628
94df467e-76d8-42c3-b45d-dcebf6131998/0009/theta,3.3961089
030a2430-5503-47c8-87df-8df226c188b2/0015/r,14.053623
030a2430-5503-47c8-87df-8df226c188b2/0015/theta,21.331139
c8f59cc1-94da-4419-9946-8b1e4a42bbcd/0014/r,13.970585
c8f59cc1-94da-4419-9946-8b1e4a42bbcd/0014/theta,25.233711
4bdadb60-87ad-4a69-92a0-8d99e2fe3a51/0000/r,48.915157
4bdadb60-87ad-4a69-92a0-8d99e2fe3a51/0000/theta,38.184162
eccfbc47-1e2f-4754-9fa7-4f56903cd13d/0010/r,16.620617
eccfbc47-1e2f-4754-9fa7-4f56903cd13d/0010/theta,-23.8942
f8e9737c-639e-433f-8f28-2d7660d63181/0007/r,33.49571
f8e9737c-639e-433f-8f28-2d7660d63181/0007/theta,-7.259595
561f3498-8181-4eca-bfda-5f3d61ba76ef/0003/r,37.80142
561f3498-8181-4eca-bfda-5f3d61ba76ef/0003/theta,-21.714941
5d07a8d5-1fed-47ef-8bb7-a6074763e09e/0026/r,52.626938
5d07a8d5-1fed-47ef-8bb7-a6074763e09e/0026/theta,-45.232258
75aeccb7-a82d-4013-9962-e9c9039c264d/0005/r,45.464558
75aeccb7-a82d-4013-9962-e9c9039c264d/0005/theta,-26.171526
87e9e215-a030-476d-ac5f-f1f4d06ac0c9/0067/r,11.43501
87e9e215-a030-476d-ac5f-f1f4d06ac0c9/0067/theta,3.7694504
87e9e215-a030-476d-ac5f-f1f4d06ac0c9/0018/r,19.81918
87e9e215-a030-476d-ac5f-f1f4d06ac0c9/0018/theta,4.5084295
77d40a22-9c26-4258-a3cc-a92789bd692e/0015/r,51.05039
77d40a22-9c26-4258-a3cc-a92789bd692e/0015/theta,-4.318391
ee2d1ee9-dd1d-4e63-9881-19205c5dae27/0061/r,8.380855
ee2d1ee9-dd1d-4e63-9881-19205c5dae27/0061/theta,3.1037643
c6efa238-f063-407a-9f5c-81bb9983302e/0006/r,42.455994
c6efa238-f063-407a-9f5c-81bb9983302e/0006/theta,4.6703625
94835623-ca6c-4ac4-82d4-0e63c1b7c16a/0025/r,8.444878
94835623-ca6c-4ac4-82d4-0e63c1b7c16a/0025/theta,4.138485
561f3498-8181-4eca-bfda-5f3d61ba76ef/0029/r,28.539696
561f3498-8181-4eca-bfda-5f3d61ba76ef/0029/theta,-30.009686
6cd404eb-1c36-4bde-b9b1-24b39b2c715f/0006/r,14.046781
6cd404eb-1c36-4bde-b9b1-24b39b2c715f/0006/theta,-10.817937
9d602547-bdf8-45e3-9b16-81c6fe9338e4/0002/r,47.01715
9d602547-bdf8-45e3-9b16-81c6fe9338e4/0002/theta,-0.3787768
0382f411-9b8a-47dc-bd88-eac8245a28ee/0002/r,25.54332
0382f411-9b8a-47dc-bd88-eac8245a28ee/0002/theta,-17.199263
75aeccb7-a82d-4013-9962-e9c9039c264d/0025/r,28.53906
75aeccb7-a82d-4013-9962-e9c9039c264d/0025/theta,8.182019
9777f121-d32a-4eba-ad84-7b1b579d9f32/0032/r,4.8419085
9777f121-d32a-4eba-ad84-7b1b579d9f32/0032/theta,-48.323177
21466ee9-c1b6-4699-afcc-84128f8d0b1e/0028/r,22.23544
21466ee9-c1b6-4699-afcc-84128f8d0b1e/0028/theta,2.6422722
58e8bf48-c131-42fb-b5f6-f63e6dc09483/0003/r,8.404202
58e8bf48-c131-42fb-b5f6-f63e6dc09483/0003/theta,-28.204884
55bfa58c-415e-443e-aaa0-c6716f66f780/0035/r,46.523182
55bfa58c-415e-443e-aaa0-c6716f66f780/0035/theta,27.070522
561f3498-8181-4eca-bfda-5f3d61ba76ef/0005/r,17.853188
561f3498-8181-4eca-bfda-5f3d61ba76ef/0005/theta,19.930895
268e7603-8bb4-4909-ad83-2962513382d4/0007/r,25
268e7603-8bb4-4909-ad83-2962513382d4/0007/theta,0
030a2430-5503-47c8-87df-8df226c188b2/0016/r,43.589863
030a2430-5503-47c8-87df-8df226c188b2/0016/theta,8.360346
77d40a22-9c26-4258-a3cc-a92789bd692e/0017/r,37.320232
77d40a22-9c26-4258-a3cc-a92789bd692e/0017/theta,-13.063794
9777f121-d32a-4eba-ad84-7b1b579d9f32/0018/r,38.2046
9777f121-d32a-4eba-ad84-7b1b579d9f32/0018/theta,-40.484303
cfb2daae-611b-4b73-9084-6dbf68c8343d/0002/r,31.41962
cfb2daae-611b-4b73-9084-6dbf68c8343d/0002/theta,-21.731468
77d40a22-9c26-4258-a3cc-a92789bd692e/0016/r,35.12764
77d40a22-9c26-4258-a3cc-a92789bd692e/0016/theta,-14.4287615
561f3498-8181-4eca-bfda-5f3d61ba76ef/0015/r,39.580116
561f3498-8181-4eca-bfda-5f3d61ba76ef/0015/theta,3.7196887
94835623-ca6c-4ac4-82d4-0e63c1b7c16a/0020/r,14.223717
94835623-ca6c-4ac4-82d4-0e63c1b7c16a/0020/theta,1.7202337
d441b25e-dd7d-46c2-895d-2510bcbd207d/0041/r,60.898678
d441b25e-dd7d-46c2-895d-2510bcbd207d/0041/theta,-25.414604
5d07a8d5-1fed-47ef-8bb7-a6074763e09e/0008/r,6.5697336
5d07a8d5-1fed-47ef-8bb7-a6074763e09e/0008/theta,3.4996817
268e7603-8bb4-4909-ad83-2962513382d4/0018/r,37.934162
268e7603-8bb4-4909-ad83-2962513382d4/0018/theta,10.239563
77d40a22-9c26-4258-a3cc-a92789bd692e/0007/r,25
77d40a22-9c26-4258-a3cc-a92789bd692e/0007/theta,0
2b0b4d7d-2d10-46c6-b81d-6a7ec08ad6a9/0002/r,10.737095
2b0b4d7d-2d10-46c6-b81d-6a7ec08ad6a9/0002/theta,-20.73103
c8f59cc1-94da-4419-9946-8b1e4a42bbcd/0005/r,8.203088
c8f59cc1-94da-4419-9946-8b1e4a42bbcd/0005/theta,3.8521655
0382f411-9b8a-47dc-bd88-eac8245a28ee/0061/r,25
0382f411-9b8a-47dc-bd88-eac8245a28ee/0061/theta,0
0382f411-9b8a-47dc-bd88-eac8245a28ee/0044/r,59.26257
0382f411-9b8a-47dc-bd88-eac8245a28ee/0044/theta,-0.39920068
55bfa58c-415e-443e-aaa0-c6716f66f780/0021/r,12.108432
55bfa58c-415e-443e-aaa0-c6716f66f780/0021/theta,-17.378918
ee2d1ee9-dd1d-4e63-9881-19205c5dae27/0051/r,7.475746
ee2d1ee9-dd1d-4e63-9881-19205c5dae27/0051/theta,2.9985797
030a2430-5503-47c8-87df-8df226c188b2/0008/r,25
030a2430-5503-47c8-87df-8df226c188b2/0008/theta,0
f231aa86-53f9-4ddf-b163-0bb421b5c1b1/0004/r,43.1998
f231aa86-53f9-4ddf-b163-0bb421b5c1b1/0004/theta,-10.15531
030a2430-5503-47c8-87df-8df226c188b2/0059/r,16.005873
030a2430-5503-47c8-87df-8df226c188b2/0059/theta,-1.6450851
87e9e215-a030-476d-ac5f-f1f4d06ac0c9/0060/r,12.387494
87e9e215-a030-476d-ac5f-f1f4d06ac0c9/0060/theta,4.7239485
94835623-ca6c-4ac4-82d4-0e63c1b7c16a/0000/r,9.249538
94835623-ca6c-4ac4-82d4-0e63c1b7c16a/0000/theta,8.958125
1d954255-b8d3-42f4-9e47-2cc32c4cb5ce/0021/r,5.6439257
1d954255-b8d3-42f4-9e47-2cc32c4cb5ce/0021/theta,-32.233887
6cc9eaa6-ab67-4102-b088-4ab6efa2af6e/0039/r,23.758717
6cc9eaa6-ab67-4102-b088-4ab6efa2af6e/0039/theta,38.61471
c8f59cc1-94da-4419-9946-8b1e4a42bbcd/0016/r,5.4642057
c8f59cc1-94da-4419-9946-8b1e4a42bbcd/0016/theta,0.46659207
6cc9eaa6-ab67-4102-b088-4ab6efa2af6e/0034/r,30.493557
6cc9eaa6-ab67-4102-b088-4ab6efa2af6e/0034/theta,27.383911
ec1672b2-15ee-4dcb-a6a0-1f524a1977d4/0018/r,39.352673
ec1672b2-15ee-4dcb-a6a0-1f524a1977d4/0018/theta,30.263924
33258271-d00b-47bb-a09a-4db79a4717e0/0024/r,3.1236374
33258271-d00b-47bb-a09a-4db79a4717e0/0024/theta,-41.294205
fdf23cc5-6850-4507-996e-3e75cec90b5f/0000/r,17.666458
fdf23cc5-6850-4507-996e-3e75cec90b5f/0000/theta,1.0423365
43125b79-258a-42c8-8572-fcad85e3c3be/0015/r,42.047005
43125b79-258a-42c8-8572-fcad85e3c3be/0015/theta,6.268342
9777f121-d32a-4eba-ad84-7b1b579d9f32/0006/r,52.857018
9777f121-d32a-4eba-ad84-7b1b579d9f32/0006/theta,19.884495
5d07a8d5-1fed-47ef-8bb7-a6074763e09e/0014/r,5.773449
5d07a8d5-1fed-47ef-8bb7-a6074763e09e/0014/theta,2.7866786
1d954255-b8d3-42f4-9e47-2cc32c4cb5ce/0008/r,25
1d954255-b8d3-42f4-9e47-2cc32c4cb5ce/0008/theta,0
4bdadb60-87ad-4a69-92a0-8d99e2fe3a51/0011/r,13.7394495
4bdadb60-87ad-4a69-92a0-8d99e2fe3a51/0011/theta,4.606163
6cd404eb-1c36-4bde-b9b1-24b39b2c715f/0020/r,44.75304
6cd404eb-1c36-4bde-b9b1-24b39b2c715f/0020/theta,2.4847372
6662fdd2-4512-4fce-84b0-717edcd5f54c/0020/r,28.483469
6662fdd2-4512-4fce-84b0-717edcd5f54c/0020/theta,-8.650889
ee2d1ee9-dd1d-4e63-9881-19205c5dae27/0050/r,7.304064
ee2d1ee9-dd1d-4e63-9881-19205c5dae27/0050/theta,4.0736675
cfb2daae-611b-4b73-9084-6dbf68c8343d/0009/r,9.736518
cfb2daae-611b-4b73-9084-6dbf68c8343d/0009/theta,-24.251135
21466ee9-c1b6-4699-afcc-84128f8d0b1e/0019/r,14.08734
21466ee9-c1b6-4699-afcc-84128f8d0b1e/0019/theta,6.003669
94835623-ca6c-4ac4-82d4-0e63c1b7c16a/0007/r,33.028275
94835623-ca6c-4ac4-82d4-0e63c1b7c16a/0007/theta,-39.427322
05ccd11f-9082-4273-aefa-f8386f9ac125/0016/r,49.039284
05ccd11f-9082-4273-aefa-f8386f9ac125/0016/theta,-37.497616
fdf23cc5-6850-4507-996e-3e75cec90b5f/0016/r,22.217533
fdf23cc5-6850-4507-996e-3e75cec90b5f/0016/theta,-11.781476
4bdadb60-87ad-4a69-92a0-8d99e2fe3a51/0015/r,13.740397
4bdadb60-87ad-4a69-92a0-8d99e2fe3a51/0015/theta,4.693434
43125b79-258a-42c8-8572-fcad85e3c3be/0014/r,41.995647
43125b79-258a-42c8-8572-fcad85e3c3be/0014/theta,6.2174463
ee2d1ee9-dd1d-4e63-9881-19205c5dae27/0067/r,8.053119
ee2d1ee9-dd1d-4e63-9881-19205c5dae27/0067/theta,2.3417294
21466ee9-c1b6-4699-afcc-84128f8d0b1e/0014/r,10.295505
21466ee9-c1b6-4699-afcc-84128f8d0b1e/0014/theta,9.459035
6662fdd2-4512-4fce-84b0-717edcd5f54c/0019/r,28.467243
6662fdd2-4512-4fce-84b0-717edcd5f54c/0019/theta,-8.562928
561f3498-8181-4eca-bfda-5f3d61ba76ef/0000/r,9.268534
561f3498-8181-4eca-bfda-5f3d61ba76ef/0000/theta,-18.98866
d441b25e-dd7d-46c2-895d-2510bcbd207d/0038/r,16.670645
d441b25e-dd7d-46c2-895d-2510bcbd207d/0038/theta,-29.391863
030a2430-5503-47c8-87df-8df226c188b2/0052/r,16.902496
030a2430-5503-47c8-87df-8df226c188b2/0052/theta,1.7686689
0382f411-9b8a-47dc-bd88-eac8245a28ee/0026/r,48.29568
0382f411-9b8a-47dc-bd88-eac8245a28ee/0026/theta,-7.810857
ee2d1ee9-dd1d-4e63-9881-19205c5dae27/0034/r,6.5893965
ee2d1ee9-dd1d-4e63-9881-19205c5dae27/0034/theta,3.3670647
94df467e-76d8-42c3-b45d-dcebf6131998/0022/r,11.732902
94df467e-76d8-42c3-b45d-dcebf6131998/0022/theta,29.477537
87e9e215-a030-476d-ac5f-f1f4d06ac0c9/0009/r,25
87e9e215-a030-476d-ac5f-f1f4d06ac0c9/0009/theta,0
f8b71ebf-da9e-408f-a080-6a972365160b/0029/r,7.810274
f8b71ebf-da9e-408f-a080-6a972365160b/0029/theta,-35.623676
d441b25e-dd7d-46c2-895d-2510bcbd207d/0015/r,12.890925
d441b25e-dd7d-46c2-895d-2510bcbd207d/0015/theta,-16.206114
8cfc1ad6-6b03-40bc-8f6e-4215a6741bc3/0005/r,34.56822
8cfc1ad6-6b03-40bc-8f6e-4215a6741bc3/0005/theta,-7.759897
0382f411-9b8a-47dc-bd88-eac8245a28ee/0013/r,45.752766
0382f411-9b8a-47dc-bd88-eac8245a28ee/0013/theta,-10.379007
fdf23cc5-6850-4507-996e-3e75cec90b5f/0011/r,32.830364
fdf23cc5-6850-4507-996e-3e75cec90b5f/0011/theta,9.423806
7363cba9-9fbb-4fd2-8c07-e46bed2e1f33/0020/r,10.287311
7363cba9-9fbb-4fd2-8c07-e46bed2e1f33/0020/theta,5.603076
6cc9eaa6-ab67-4102-b088-4ab6efa2af6e/0035/r,25.093954
6cc9eaa6-ab67-4102-b088-4ab6efa2af6e/0035/theta,33.205044
561f3498-8181-4eca-bfda-5f3d61ba76ef/0024/r,31.86324
561f3498-8181-4eca-bfda-5f3d61ba76ef/0024/theta,26.700869
c8f59cc1-94da-4419-9946-8b1e4a42bbcd/0007/r,24.087906
c8f59cc1-94da-4419-9946-8b1e4a42bbcd/0007/theta,15.356284
77d40a22-9c26-4258-a3cc-a92789bd692e/0000/r,22.045277
77d40a22-9c26-4258-a3cc-a92789bd692e/0000/theta,1.4210439
cfb2daae-611b-4b73-9084-6dbf68c8343d/0012/r,29.615345
cfb2daae-611b-4b73-9084-6dbf68c8343d/0012/theta,-10.694762
9d602547-bdf8-45e3-9b16-81c6fe9338e4/0000/r,36.81849
9d602547-bdf8-45e3-9b16-81c6fe9338e4/0000/theta,-2.9797053
f8b71ebf-da9e-408f-a080-6a972365160b/0014/r,14.408738
f8b71ebf-da9e-408f-a080-6a972365160b/0014/theta,32.807796
ec1672b2-15ee-4dcb-a6a0-1f524a1977d4/0000/r,31.675491
ec1672b2-15ee-4dcb-a6a0-1f524a1977d4/0000/theta,-13.883039
ec1672b2-15ee-4dcb-a6a0-1f524a1977d4/0008/r,28.314281
ec1672b2-15ee-4dcb-a6a0-1f524a1977d4/0008/theta,-18.61537
bc97d88d-8c86-4653-86a5-4597485ce018/0004/r,12.697816
bc97d88d-8c86-4653-86a5-4597485ce018/0004/theta,17.238964
268e7603-8bb4-4909-ad83-2962513382d4/0009/r,25
268e7603-8bb4-4909-ad83-2962513382d4/0009/theta,0
a7300ae2-80c6-4a3f-ab9c-9f88f5299b67/0018/r,44.345737
a7300ae2-80c6-4a3f-ab9c-9f88f5299b67/0018/theta,-36.6187
77d40a22-9c26-4258-a3cc-a92789bd692e/0038/r,23.916916
77d40a22-9c26-4258-a3cc-a92789bd692e/0038/theta,-30.988695
0213ada8-e776-4404-9312-c264153c57c1/0033/r,25.24406
0213ada8-e776-4404-9312-c264153c57c1/0033/theta,-35.560726
55bfa58c-415e-443e-aaa0-c6716f66f780/0019/r,32.694572
55bfa58c-415e-443e-aaa0-c6716f66f780/0019/theta,-3.4739952
55bfa58c-415e-443e-aaa0-c6716f66f780/0053/r,30.024467
55bfa58c-415e-443e-aaa0-c6716f66f780/0053/theta,-6.982916
f8e9737c-639e-433f-8f28-2d7660d63181/0002/r,25
f8e9737c-639e-433f-8f28-2d7660d63181/0002/theta,0
05ccd11f-9082-4273-aefa-f8386f9ac125/0019/r,18.444172
05ccd11f-9082-4273-aefa-f8386f9ac125/0019/theta,-35.693665
55bfa58c-415e-443e-aaa0-c6716f66f780/0041/r,22.266808
55bfa58c-415e-443e-aaa0-c6716f66f780/0041/theta,38.927116
268e7603-8bb4-4909-ad83-2962513382d4/0022/r,34.552082
268e7603-8bb4-4909-ad83-2962513382d4/0022/theta,22.565178
77d40a22-9c26-4258-a3cc-a92789bd692e/0045/r,38.67247
77d40a22-9c26-4258-a3cc-a92789bd692e/0045/theta,-3.249658
6cc9eaa6-ab67-4102-b088-4ab6efa2af6e/0015/r,33.9369
6cc9eaa6-ab67-4102-b088-4ab6efa2af6e/0015/theta,13.549812
d441b25e-dd7d-46c2-895d-2510bcbd207d/0019/r,33.27725
d441b25e-dd7d-46c2-895d-2510bcbd207d/0019/theta,-7.336231
aa3e1716-992d-48a6-9b2b-1abef589b301/0025/r,25.6026
aa3e1716-992d-48a6-9b2b-1abef589b301/0025/theta,27.905392
59f19071-a9b1-4de8-b7fd-2a862d2ae674/0007/r,8.361329
59f19071-a9b1-4de8-b7fd-2a862d2ae674/0007/theta,-27.284447
87e9e215-a030-476d-ac5f-f1f4d06ac0c9/0049/r,16.159042
87e9e215-a030-476d-ac5f-f1f4d06ac0c9/0049/theta,1.0497282
f14dd492-2b02-43e0-8716-e03e090cbc64/0012/r,8.991407
f14dd492-2b02-43e0-8716-e03e090cbc64/0012/theta,-41.17133
2b0b4d7d-2d10-46c6-b81d-6a7ec08ad6a9/0008/r,13.702447
2b0b4d7d-2d10-46c6-b81d-6a7ec08ad6a9/0008/theta,32.097626
87e9e215-a030-476d-ac5f-f1f4d06ac0c9/0001/r,20.53096
87e9e215-a030-476d-ac5f-f1f4d06ac0c9/0001/theta,5.928068
6cc9eaa6-ab67-4102-b088-4ab6efa2af6e/0037/r,23.55761
6cc9eaa6-ab67-4102-b088-4ab6efa2af6e/0037/theta,38.09387
e8bd0d0d-7332-4698-a425-05be2697d3a5/0016/r,29.572685
e8bd0d0d-7332-4698-a425-05be2697d3a5/0016/theta,5.817486
9777f121-d32a-4eba-ad84-7b1b579d9f32/0005/r,15.272696
9777f121-d32a-4eba-ad84-7b1b579d9f32/0005/theta,-2.9451845
6662fdd2-4512-4fce-84b0-717edcd5f54c/0023/r,28.274689
6662fdd2-4512-4fce-84b0-717edcd5f54c/0023/theta,-8.543282
1d954255-b8d3-42f4-9e47-2cc32c4cb5ce/0035/r,50.18396
1d954255-b8d3-42f4-9e47-2cc32c4cb5ce/0035/theta,-7.8927736
0213ada8-e776-4404-9312-c264153c57c1/0051/r,25
0213ada8-e776-4404-9312-c264153c57c1/0051/theta,0
a7300ae2-80c6-4a3f-ab9c-9f88f5299b67/0000/r,25
a7300ae2-80c6-4a3f-ab9c-9f88f5299b67/0000/theta,0
1d954255-b8d3-42f4-9e47-2cc32c4cb5ce/0032/r,31.458107
1d954255-b8d3-42f4-9e47-2cc32c4cb5ce/0032/theta,26.117054
7363cba9-9fbb-4fd2-8c07-e46bed2e1f33/0011/r,45.68977
7363cba9-9fbb-4fd2-8c07-e46bed2e1f33/0011/theta,0.76959014
59f19071-a9b1-4de8-b7fd-2a862d2ae674/0039/r,37.691986
59f19071-a9b1-4de8-b7fd-2a862d2ae674/0039/theta,-17.510372
55bfa58c-415e-443e-aaa0-c6716f66f780/0049/r,33.678944
55bfa58c-415e-443e-aaa0-c6716f66f780/0049/theta,-6.3385906
597b5172-e412-4827-9b78-6b3585569148/0000/r,8.397708
597b5172-e412-4827-9b78-6b3585569148/0000/theta,-36.72923
eccfbc47-1e2f-4754-9fa7-4f56903cd13d/0006/r,19.083836
eccfbc47-1e2f-4754-9fa7-4f56903cd13d/0006/theta,-16.001383
75aeccb7-a82d-4013-9962-e9c9039c264d/0019/r,45.40825
75aeccb7-a82d-4013-9962-e9c9039c264d/0019/theta,38.401737
f231aa86-53f9-4ddf-b163-0bb421b5c1b1/0022/r,45.123466
f231aa86-53f9-4ddf-b163-0bb421b5c1b1/0022/theta,-16.703287
f14dd492-2b02-43e0-8716-e03e090cbc64/0009/r,35.46009
f14dd492-2b02-43e0-8716-e03e090cbc64/0009/theta,-11.071783
05ccd11f-9082-4273-aefa-f8386f9ac125/0044/r,10.958668
05ccd11f-9082-4273-aefa-f8386f9ac125/0044/theta,-18.386862
59f19071-a9b1-4de8-b7fd-2a862d2ae674/0006/r,39.15539
59f19071-a9b1-4de8-b7fd-2a862d2ae674/0006/theta,-13.662213
21466ee9-c1b6-4699-afcc-84128f8d0b1e/0039/r,7.9755363
21466ee9-c1b6-4699-afcc-84128f8d0b1e/0039/theta,-4.216097
6662fdd2-4512-4fce-84b0-717edcd5f54c/0002/r,34.2417
6662fdd2-4512-4fce-84b0-717edcd5f54c/0002/theta,-11.034302
5d07a8d5-1fed-47ef-8bb7-a6074763e09e/0029/r,22.155354
5d07a8d5-1fed-47ef-8bb7-a6074763e09e/0029/theta,-45.487614
77d40a22-9c26-4258-a3cc-a92789bd692e/0028/r,40.959408
77d40a22-9c26-4258-a3cc-a92789bd692e/0028/theta,-13.639477
5d07a8d5-1fed-47ef-8bb7-a6074763e09e/0012/r,6.447797
5d07a8d5-1fed-47ef-8bb7-a6074763e09e/0012/theta,3.6863186
d441b25e-dd7d-46c2-895d-2510bcbd207d/0037/r,49.80251
d441b25e-dd7d-46c2-895d-2510bcbd207d/0037/theta,-18.045368
5d07a8d5-1fed-47ef-8bb7-a6074763e09e/0047/r,19.374687
5d07a8d5-1fed-47ef-8bb7-a6074763e09e/0047/theta,0.18328619
55bfa58c-415e-443e-aaa0-c6716f66f780/0052/r,30.004124
55bfa58c-415e-443e-aaa0-c6716f66f780/0052/theta,-6.9936504
0382f411-9b8a-47dc-bd88-eac8245a28ee/0004/r,19.50142
0382f411-9b8a-47dc-bd88-eac8245a28ee/0004/theta,-29.936958
ee2d1ee9-dd1d-4e63-9881-19205c5dae27/0039/r,7.3189516
ee2d1ee9-dd1d-4e63-9881-19205c5dae27/0039/theta,3.362407
87e9e215-a030-476d-ac5f-f1f4d06ac0c9/0051/r,14.824437
87e9e215-a030-476d-ac5f-f1f4d06ac0c9/0051/theta,-12.063121
2b0b4d7d-2d10-46c6-b81d-6a7ec08ad6a9/0015/r,34.715
2b0b4d7d-2d10-46c6-b81d-6a7ec08ad6a9/0015/theta,-7.497367
4bdadb60-87ad-4a69-92a0-8d99e2fe3a51/0003/r,11.123241
4bdadb60-87ad-4a69-92a0-8d99e2fe3a51/0003/theta,7.0716085
fdf23cc5-6850-4507-996e-3e75cec90b5f/0009/r,28.067371
fdf23cc5-6850-4507-996e-3e75cec90b5f/0009/theta,2.476464
77d40a22-9c26-4258-a3cc-a92789bd692e/0009/r,25
77d40a22-9c26-4258-a3cc-a92789bd692e/0009/theta,0
59f19071-a9b1-4de8-b7fd-2a862d2ae674/0012/r,16.356
59f19071-a9b1-4de8-b7fd-2a862d2ae674/0012/theta,-23.803383
4b19b5e5-260b-4fbc-83c2-f24eeacdcc64/0004/r,20.655167
4b19b5e5-260b-4fbc-83c2-f24eeacdcc64/0004/theta,-11.116977
f14dd492-2b02-43e0-8716-e03e090cbc64/0004/r,17.516815
f14dd492-2b02-43e0-8716-e03e090cbc64/0004/theta,9.489172
aa3e1716-992d-48a6-9b2b-1abef589b301/0024/r,25.568207
aa3e1716-992d-48a6-9b2b-1abef589b301/0024/theta,27.930573
f7641633-c393-4115-9278-0d9b4dbf391b/0003/r,25
f7641633-c393-4115-9278-0d9b4dbf391b/0003/theta,0
21466ee9-c1b6-4699-afcc-84128f8d0b1e/0015/r,10.419004
21466ee9-c1b6-4699-afcc-84128f8d0b1e/0015/theta,9.699271
6662fdd2-4512-4fce-84b0-717edcd5f54c/0010/r,30.698114
6662fdd2-4512-4fce-84b0-717edcd5f54c/0010/theta,-12.51476
0382f411-9b8a-47dc-bd88-eac8245a28ee/0014/r,45.546394
0382f411-9b8a-47dc-bd88-eac8245a28ee/0014/theta,-8.013709
ec1672b2-15ee-4dcb-a6a0-1f524a1977d4/0030/r,43.717052
ec1672b2-15ee-4dcb-a6a0-1f524a1977d4/0030/theta,0.08402753
6662fdd2-4512-4fce-84b0-717edcd5f54c/0006/r,30.765194
6662fdd2-4512-4fce-84b0-717edcd5f54c/0006/theta,-12.408078
94835623-ca6c-4ac4-82d4-0e63c1b7c16a/0018/r,34.18177
94835623-ca6c-4ac4-82d4-0e63c1b7c16a/0018/theta,-28.710428
ee2d1ee9-dd1d-4e63-9881-19205c5dae27/0001/r,6.561925
ee2d1ee9-dd1d-4e63-9881-19205c5dae27/0001/theta,-26.80347
f14dd492-2b02-43e0-8716-e03e090cbc64/0007/r,27.328152
f14dd492-2b02-43e0-8716-e03e090cbc64/0007/theta,3.8334658
43125b79-258a-42c8-8572-fcad85e3c3be/0004/r,31.86817
43125b79-258a-42c8-8572-fcad85e3c3be/0004/theta,-31.661438
94835623-ca6c-4ac4-82d4-0e63c1b7c16a/0026/r,8.043945
94835623-ca6c-4ac4-82d4-0e63c1b7c16a/0026/theta,3.9980729
ee2d1ee9-dd1d-4e63-9881-19205c5dae27/0074/r,9.304877
ee2d1ee9-dd1d-4e63-9881-19205c5dae27/0074/theta,3.2291944
f8e9737c-639e-433f-8f28-2d7660d63181/0004/r,45.785618
f8e9737c-639e-433f-8f28-2d7660d63181/0004/theta,-4.843605
43125b79-258a-42c8-8572-fcad85e3c3be/0013/r,41.97291
43125b79-258a-42c8-8572-fcad85e3c3be/0013/theta,6.215741
77d40a22-9c26-4258-a3cc-a92789bd692e/0013/r,68.40633
77d40a22-9c26-4258-a3cc-a92789bd692e/0013/theta,-5.655489
6662fdd2-4512-4fce-84b0-717edcd5f54c/0055/r,23.863146
6662fdd2-4512-4fce-84b0-717edcd5f54c/0055/theta,39.842846
f8e9737c-639e-433f-8f28-2d7660d63181/0009/r,25
f8e9737c-639e-433f-8f28-2d7660d63181/0009/theta,0
bc97d88d-8c86-4653-86a5-4597485ce018/0010/r,5.3666487
bc97d88d-8c86-4653-86a5-4597485ce018/0010/theta,-19.128117
f7641633-c393-4115-9278-0d9b4dbf391b/0032/r,45.98312
f7641633-c393-4115-9278-0d9b4dbf391b/0032/theta,-14.6579
59f19071-a9b1-4de8-b7fd-2a862d2ae674/0002/r,29.376719
59f19071-a9b1-4de8-b7fd-2a862d2ae674/0002/theta,-1.4802458
6cc9eaa6-ab67-4102-b088-4ab6efa2af6e/0044/r,37.67893
6cc9eaa6-ab67-4102-b088-4ab6efa2af6e/0044/theta,27.38349
ee2d1ee9-dd1d-4e63-9881-19205c5dae27/0062/r,8.273449
ee2d1ee9-dd1d-4e63-9881-19205c5dae27/0062/theta,3.7477858
9777f121-d32a-4eba-ad84-7b1b579d9f32/0026/r,47.18011
9777f121-d32a-4eba-ad84-7b1b579d9f32/0026/theta,1.0002768
561f3498-8181-4eca-bfda-5f3d61ba76ef/0027/r,20.838762
561f3498-8181-4eca-bfda-5f3d61ba76ef/0027/theta,-39.495384
21466ee9-c1b6-4699-afcc-84128f8d0b1e/0004/r,39.067852
21466ee9-c1b6-4699-afcc-84128f8d0b1e/0004/theta,-1.7661626
eccfbc47-1e2f-4754-9fa7-4f56903cd13d/0019/r,13.959544
eccfbc47-1e2f-4754-9fa7-4f56903cd13d/0019/theta,-22.647743
d441b25e-dd7d-46c2-895d-2510bcbd207d/0035/r,31.799131
d441b25e-dd7d-46c2-895d-2510bcbd207d/0035/theta,2.0973446
5d07a8d5-1fed-47ef-8bb7-a6074763e09e/0009/r,6.5104866
5d07a8d5-1fed-47ef-8bb7-a6074763e09e/0009/theta,4.124874
87e9e215-a030-476d-ac5f-f1f4d06ac0c9/0048/r,16.474606
87e9e215-a030-476d-ac5f-f1f4d06ac0c9/0048/theta,1.261857
f14dd492-2b02-43e0-8716-e03e090cbc64/0000/r,20.18861
f14dd492-2b02-43e0-8716-e03e090cbc64/0000/theta,-35.820877
94df467e-76d8-42c3-b45d-dcebf6131998/0007/r,6.2837677
94df467e-76d8-42c3-b45d-dcebf6131998/0007/theta,0.94611645
fdf23cc5-6850-4507-996e-3e75cec90b5f/0042/r,7.0869627
fdf23cc5-6850-4507-996e-3e75cec90b5f/0042/theta,6.145729
6cd404eb-1c36-4bde-b9b1-24b39b2c715f/0009/r,48.409225
6cd404eb-1c36-4bde-b9b1-24b39b2c715f/0009/theta,-38.041416
aa3e1716-992d-48a6-9b2b-1abef589b301/0021/r,26.78334
aa3e1716-992d-48a6-9b2b-1abef589b301/0021/theta,33.871532
ec1672b2-15ee-4dcb-a6a0-1f524a1977d4/0017/r,43.771645
ec1672b2-15ee-4dcb-a6a0-1f524a1977d4/0017/theta,19.391682
43125b79-258a-42c8-8572-fcad85e3c3be/0001/r,22.276758
43125b79-258a-42c8-8572-fcad85e3c3be/0001/theta,-27.13288
bc97d88d-8c86-4653-86a5-4597485ce018/0014/r,33.926754
bc97d88d-8c86-4653-86a5-4597485ce018/0014/theta,-21.646236
b89ca3c0-b361-43f8-b261-ab7eabe8eabf/0011/r,39.41894
b89ca3c0-b361-43f8-b261-ab7eabe8eabf/0011/theta,40.169178
f8e9737c-639e-433f-8f28-2d7660d63181/0048/r,25
f8e9737c-639e-433f-8f28-2d7660d63181/0048/theta,0
0213ada8-e776-4404-9312-c264153c57c1/0001/r,14.5719595
0213ada8-e776-4404-9312-c264153c57c1/0001/theta,3.2211845
94df467e-76d8-42c3-b45d-dcebf6131998/0006/r,7.0047894
94df467e-76d8-42c3-b45d-dcebf6131998/0006/theta,2.7507565
1d954255-b8d3-42f4-9e47-2cc32c4cb5ce/0010/r,25.495419
1d954255-b8d3-42f4-9e47-2cc32c4cb5ce/0010/theta,18.84067
77d40a22-9c26-4258-a3cc-a92789bd692e/0005/r,17.709831
77d40a22-9c26-4258-a3cc-a92789bd692e/0005/theta,23.371847
05ccd11f-9082-4273-aefa-f8386f9ac125/0002/r,5.470031
05ccd11f-9082-4273-aefa-f8386f9ac125/0002/theta,-32.997818
597b5172-e412-4827-9b78-6b3585569148/0001/r,39.010082
597b5172-e412-4827-9b78-6b3585569148/0001/theta,2.9716427
f231aa86-53f9-4ddf-b163-0bb421b5c1b1/0028/r,13.270546
f231aa86-53f9-4ddf-b163-0bb421b5c1b1/0028/theta,-19.112633
ec1672b2-15ee-4dcb-a6a0-1f524a1977d4/0020/r,32.445385
ec1672b2-15ee-4dcb-a6a0-1f524a1977d4/0020/theta,9.904063
f8b71ebf-da9e-408f-a080-6a972365160b/0028/r,45.316257
f8b71ebf-da9e-408f-a080-6a972365160b/0028/theta,-1.516783
55bfa58c-415e-443e-aaa0-c6716f66f780/0013/r,43.95949
55bfa58c-415e-443e-aaa0-c6716f66f780/0013/theta,2.8706095
21466ee9-c1b6-4699-afcc-84128f8d0b1e/0012/r,11.83009
21466ee9-c1b6-4699-afcc-84128f8d0b1e/0012/theta,12.648472
1d954255-b8d3-42f4-9e47-2cc32c4cb5ce/0012/r,11.2977915
1d954255-b8d3-42f4-9e47-2cc32c4cb5ce/0012/theta,19.07213
4b19b5e5-260b-4fbc-83c2-f24eeacdcc64/0019/r,42.843445
4b19b5e5-260b-4fbc-83c2-f24eeacdcc64/0019/theta,7.75056
55bfa58c-415e-443e-aaa0-c6716f66f780/0040/r,25.144157
55bfa58c-415e-443e-aaa0-c6716f66f780/0040/theta,35.762676
4819ef9e-e93e-479b-a613-dca8f9be3d45/0007/r,20.03724
4819ef9e-e93e-479b-a613-dca8f9be3d45/0007/theta,1.1071742
77d40a22-9c26-4258-a3cc-a92789bd692e/0020/r,24.915094
77d40a22-9c26-4258-a3cc-a92789bd692e/0020/theta,-30.472889
21466ee9-c1b6-4699-afcc-84128f8d0b1e/0040/r,7.138299
21466ee9-c1b6-4699-afcc-84128f8d0b1e/0040/theta,-4.4044394
ec1672b2-15ee-4dcb-a6a0-1f524a1977d4/0019/r,34.09843
ec1672b2-15ee-4dcb-a6a0-1f524a1977d4/0019/theta,8.124002
6662fdd2-4512-4fce-84b0-717edcd5f54c/0008/r,30.732855
6662fdd2-4512-4fce-84b0-717edcd5f54c/0008/theta,-12.51563
c6efa238-f063-407a-9f5c-81bb9983302e/0012/r,42.035328
c6efa238-f063-407a-9f5c-81bb9983302e/0012/theta,-7.3384485
55bfa58c-415e-443e-aaa0-c6716f66f780/0050/r,30.252525
55bfa58c-415e-443e-aaa0-c6716f66f780/0050/theta,-6.8847485
fdf23cc5-6850-4507-996e-3e75cec90b5f/0027/r,30.85986
fdf23cc5-6850-4507-996e-3e75cec90b5f/0027/theta,-23.003208
5d07a8d5-1fed-47ef-8bb7-a6074763e09e/0006/r,7.8398867
5d07a8d5-1fed-47ef-8bb7-a6074763e09e/0006/theta,2.385124
43125b79-258a-42c8-8572-fcad85e3c3be/0019/r,7.203703
43125b79-258a-42c8-8572-fcad85e3c3be/0019/theta,-4.39997
94df467e-76d8-42c3-b45d-dcebf6131998/0013/r,13.698908
94df467e-76d8-42c3-b45d-dcebf6131998/0013/theta,0.4906776
1d954255-b8d3-42f4-9e47-2cc32c4cb5ce/0036/r,46.553814
1d954255-b8d3-42f4-9e47-2cc32c4cb5ce/0036/theta,0.29116368
9d602547-bdf8-45e3-9b16-81c6fe9338e4/0005/r,9.585256
9d602547-bdf8-45e3-9b16-81c6fe9338e4/0005/theta,6.521371
eccfbc47-1e2f-4754-9fa7-4f56903cd13d/0029/r,46.377953
eccfbc47-1e2f-4754-9fa7-4f56903cd13d/0029/theta,0.83440423
94df467e-76d8-42c3-b45d-dcebf6131998/0016/r,10.314721
94df467e-76d8-42c3-b45d-dcebf6131998/0016/theta,5.7202387
d441b25e-dd7d-46c2-895d-2510bcbd207d/0012/r,4.79681
d441b25e-dd7d-46c2-895d-2510bcbd207d/0012/theta,-45.59802
e8bd0d0d-7332-4698-a425-05be2697d3a5/0005/r,23.28611
e8bd0d0d-7332-4698-a425-05be2697d3a5/0005/theta,-49.35921
fdf23cc5-6850-4507-996e-3e75cec90b5f/0033/r,25
fdf23cc5-6850-4507-996e-3e75cec90b5f/0033/theta,0
d441b25e-dd7d-46c2-895d-2510bcbd207d/0007/r,17.02991
d441b25e-dd7d-46c2-895d-2510bcbd207d/0007/theta,0.20607877
c6efa238-f063-407a-9f5c-81bb9983302e/0002/r,32.22552
c6efa238-f063-407a-9f5c-81bb9983302e/0002/theta,-14.097415
1d954255-b8d3-42f4-9e47-2cc32c4cb5ce/0015/r,21.081448
1d954255-b8d3-42f4-9e47-2cc32c4cb5ce/0015/theta,10.85028
1d954255-b8d3-42f4-9e47-2cc32c4cb5ce/0034/r,48.965492
1d954255-b8d3-42f4-9e47-2cc32c4cb5ce/0034/theta,-7.4538965
1d954255-b8d3-42f4-9e47-2cc32c4cb5ce/0000/r,30.35887
1d954255-b8d3-42f4-9e47-2cc32c4cb5ce/0000/theta,-17.199371
5d07a8d5-1fed-47ef-8bb7-a6074763e09e/0013/r,5.657282
5d07a8d5-1fed-47ef-8bb7-a6074763e09e/0013/theta,4.834712
030a2430-5503-47c8-87df-8df226c188b2/0029/r,25
030a2430-5503-47c8-87df-8df226c188b2/0029/theta,0
94835623-ca6c-4ac4-82d4-0e63c1b7c16a/0014/r,18.750137
94835623-ca6c-4ac4-82d4-0e63c1b7c16a/0014/theta,40.928154
fdf23cc5-6850-4507-996e-3e75cec90b5f/0006/r,9.363673
fdf23cc5-6850-4507-996e-3e75cec90b5f/0006/theta,3.3337796
55bfa58c-415e-443e-aaa0-c6716f66f780/0024/r,30.89345
55bfa58c-415e-443e-aaa0-c6716f66f780/0024/theta,-34.456448
7363cba9-9fbb-4fd2-8c07-e46bed2e1f33/0012/r,37.90608
7363cba9-9fbb-4fd2-8c07-e46bed2e1f33/0012/theta,1.0293477
94df467e-76d8-42c3-b45d-dcebf6131998/0002/r,4.880521
94df467e-76d8-42c3-b45d-dcebf6131998/0002/theta,0.692991
6662fdd2-4512-4fce-84b0-717edcd5f54c/0044/r,31.631119
6662fdd2-4512-4fce-84b0-717edcd5f54c/0044/theta,-7.0798635
ee2d1ee9-dd1d-4e63-9881-19205c5dae27/0029/r,17.80829
ee2d1ee9-dd1d-4e63-9881-19205c5dae27/0029/theta,1.883364
6662fdd2-4512-4fce-84b0-717edcd5f54c/0034/r,37.722866
6662fdd2-4512-4fce-84b0-717edcd5f54c/0034/theta,-12.139583
6cc9eaa6-ab67-4102-b088-4ab6efa2af6e/0007/r,25
6cc9eaa6-ab67-4102-b088-4ab6efa2af6e/0007/theta,0
1d954255-b8d3-42f4-9e47-2cc32c4cb5ce/0004/r,28.063238
1d954255-b8d3-42f4-9e47-2cc32c4cb5ce/0004/theta,-13.045149
87e9e215-a030-476d-ac5f-f1f4d06ac0c9/0020/r,23.787594
87e9e215-a030-476d-ac5f-f1f4d06ac0c9/0020/theta,2.5445683
d441b25e-dd7d-46c2-895d-2510bcbd207d/0061/r,6.4152126
d441b25e-dd7d-46c2-895d-2510bcbd207d/0061/theta,-27.795658
21466ee9-c1b6-4699-afcc-84128f8d0b1e/0007/r,22.79073
21466ee9-c1b6-4699-afcc-84128f8d0b1e/0007/theta,4.3775654
87e9e215-a030-476d-ac5f-f1f4d06ac0c9/0025/r,42.932083
87e9e215-a030-476d-ac5f-f1f4d06ac0c9/0025/theta,-13.652242
f8b71ebf-da9e-408f-a080-6a972365160b/0039/r,8.666021
f8b71ebf-da9e-408f-a080-6a972365160b/0039/theta,-22.143745
f231aa86-53f9-4ddf-b163-0bb421b5c1b1/0003/r,24.149206
f231aa86-53f9-4ddf-b163-0bb421b5c1b1/0003/theta,-34.17482
cfb2daae-611b-4b73-9084-6dbf68c8343d/0011/r,13.951319
cfb2daae-611b-4b73-9084-6dbf68c8343d/0011/theta,-20.577477
4b19b5e5-260b-4fbc-83c2-f24eeacdcc64/0023/r,23.091623
4b19b5e5-260b-4fbc-83c2-f24eeacdcc64/0023/theta,-10.28114
ec1672b2-15ee-4dcb-a6a0-1f524a1977d4/0035/r,30.442678
ec1672b2-15ee-4dcb-a6a0-1f524a1977d4/0035/theta,2.9677413
268e7603-8bb4-4909-ad83-2962513382d4/0040/r,27.93169
268e7603-8bb4-4909-ad83-2962513382d4/0040/theta,11.048831
ec1672b2-15ee-4dcb-a6a0-1f524a1977d4/0015/r,32.76252
ec1672b2-15ee-4dcb-a6a0-1f524a1977d4/0015/theta,1.7337372
ee2d1ee9-dd1d-4e63-9881-19205c5dae27/0004/r,13.942798
ee2d1ee9-dd1d-4e63-9881-19205c5dae27/0004/theta,-30.49168
c6efa238-f063-407a-9f5c-81bb9983302e/0015/r,48.700123
c6efa238-f063-407a-9f5c-81bb9983302e/0015/theta,-8.750585
75aeccb7-a82d-4013-9962-e9c9039c264d/0024/r,36.144566
75aeccb7-a82d-4013-9962-e9c9039c264d/0024/theta,6.9704905
75aeccb7-a82d-4013-9962-e9c9039c264d/0020/r,25.66729
75aeccb7-a82d-4013-9962-e9c9039c264d/0020/theta,35.07957
ee2d1ee9-dd1d-4e63-9881-19205c5dae27/0069/r,8.542117
ee2d1ee9-dd1d-4e63-9881-19205c5dae27/0069/theta,2.227753
5d07a8d5-1fed-47ef-8bb7-a6074763e09e/0003/r,8.720552
5d07a8d5-1fed-47ef-8bb7-a6074763e09e/0003/theta,1.4621773
87e9e215-a030-476d-ac5f-f1f4d06ac0c9/0002/r,26.457767
87e9e215-a030-476d-ac5f-f1f4d06ac0c9/0002/theta,9.427896
030a2430-5503-47c8-87df-8df226c188b2/0075/r,21.337294
030a2430-5503-47c8-87df-8df226c188b2/0075/theta,2.0518875
6662fdd2-4512-4fce-84b0-717edcd5f54c/0045/r,31.189072
6662fdd2-4512-4fce-84b0-717edcd5f54c/0045/theta,-6.7030277
e8bd0d0d-7332-4698-a425-05be2697d3a5/0008/r,18.557281
e8bd0d0d-7332-4698-a425-05be2697d3a5/0008/theta,-32.914093
ee2d1ee9-dd1d-4e63-9881-19205c5dae27/0056/r,8.762565
ee2d1ee9-dd1d-4e63-9881-19205c5dae27/0056/theta,2.306534
6cd404eb-1c36-4bde-b9b1-24b39b2c715f/0005/r,11.282543
6cd404eb-1c36-4bde-b9b1-24b39b2c715f/0005/theta,-5.828726
b89ca3c0-b361-43f8-b261-ab7eabe8eabf/0001/r,39.20059
b89ca3c0-b361-43f8-b261-ab7eabe8eabf/0001/theta,-3.8537147
0213ada8-e776-4404-9312-c264153c57c1/0019/r,7.348531
0213ada8-e776-4404-9312-c264153c57c1/0019/theta,9.592303
030a2430-5503-47c8-87df-8df226c188b2/0065/r,17.978859
030a2430-5503-47c8-87df-8df226c188b2/0065/theta,2.9068959
21466ee9-c1b6-4699-afcc-84128f8d0b1e/0035/r,11.775877
21466ee9-c1b6-4699-afcc-84128f8d0b1e/0035/theta,-0.317019
ee2d1ee9-dd1d-4e63-9881-19205c5dae27/0042/r,7.585531
ee2d1ee9-dd1d-4e63-9881-19205c5dae27/0042/theta,2.6858585
6d479b33-7b8d-4ec8-8fdf-6d58127c633b/0001/r,8.725201
6d479b33-7b8d-4ec8-8fdf-6d58127c633b/0001/theta,12.8509655
b89ca3c0-b361-43f8-b261-ab7eabe8eabf/0006/r,34.522934
b89ca3c0-b361-43f8-b261-ab7eabe8eabf/0006/theta,12.939256
5d07a8d5-1fed-47ef-8bb7-a6074763e09e/0010/r,7.369506
5d07a8d5-1fed-47ef-8bb7-a6074763e09e/0010/theta,2.8282545
f14dd492-2b02-43e0-8716-e03e090cbc64/0001/r,24.900253
f14dd492-2b02-43e0-8716-e03e090cbc64/0001/theta,-31.690975
f7641633-c393-4115-9278-0d9b4dbf391b/0041/r,39.349773
f7641633-c393-4115-9278-0d9b4dbf391b/0041/theta,2.7253067
05ccd11f-9082-4273-aefa-f8386f9ac125/0010/r,45.465836
05ccd11f-9082-4273-aefa-f8386f9ac125/0010/theta,-7.747738
87e9e215-a030-476d-ac5f-f1f4d06ac0c9/0054/r,18.183979
87e9e215-a030-476d-ac5f-f1f4d06ac0c9/0054/theta,1.4376719
55bfa58c-415e-443e-aaa0-c6716f66f780/0016/r,20.944206
55bfa58c-415e-443e-aaa0-c6716f66f780/0016/theta,-17.504917
77d40a22-9c26-4258-a3cc-a92789bd692e/0002/r,23.134052
77d40a22-9c26-4258-a3cc-a92789bd692e/0002/theta,1.2586846
030a2430-5503-47c8-87df-8df226c188b2/0064/r,16.270958
030a2430-5503-47c8-87df-8df226c188b2/0064/theta,1.6840074
75aeccb7-a82d-4013-9962-e9c9039c264d/0033/r,4.997978
75aeccb7-a82d-4013-9962-e9c9039c264d/0033/theta,22.388802
fdf23cc5-6850-4507-996e-3e75cec90b5f/0040/r,16.489325
fdf23cc5-6850-4507-996e-3e75cec90b5f/0040/theta,7.577485
bc97d88d-8c86-4653-86a5-4597485ce018/0013/r,34.74772
bc97d88d-8c86-4653-86a5-4597485ce018/0013/theta,-22.994377
94df467e-76d8-42c3-b45d-dcebf6131998/0020/r,37.66686
94df467e-76d8-42c3-b45d-dcebf6131998/0020/theta,-18.142038
fdf23cc5-6850-4507-996e-3e75cec90b5f/0013/r,29.229332
fdf23cc5-6850-4507-996e-3e75cec90b5f/0013/theta,2.7681873
fdf23cc5-6850-4507-996e-3e75cec90b5f/0028/r,25.287886
fdf23cc5-6850-4507-996e-3e75cec90b5f/0028/theta,-13.14097
87e9e215-a030-476d-ac5f-f1f4d06ac0c9/0034/r,28.24257
87e9e215-a030-476d-ac5f-f1f4d06ac0c9/0034/theta,-22.976372
6cd404eb-1c36-4bde-b9b1-24b39b2c715f/0002/r,3.9942245
6cd404eb-1c36-4bde-b9b1-24b39b2c715f/0002/theta,-3.9559963
33258271-d00b-47bb-a09a-4db79a4717e0/0009/r,46.06676
33258271-d00b-47bb-a09a-4db79a4717e0/0009/theta,2.646392
75aeccb7-a82d-4013-9962-e9c9039c264d/0001/r,44.46455
75aeccb7-a82d-4013-9962-e9c9039c264d/0001/theta,-21.788422
4bdadb60-87ad-4a69-92a0-8d99e2fe3a51/0004/r,10.937903
4bdadb60-87ad-4a69-92a0-8d99e2fe3a51/0004/theta,6.5520077
aa3e1716-992d-48a6-9b2b-1abef589b301/0020/r,39.09404
aa3e1716-992d-48a6-9b2b-1abef589b301/0020/theta,40.021446
6cc9eaa6-ab67-4102-b088-4ab6efa2af6e/0028/r,25
6cc9eaa6-ab67-4102-b088-4ab6efa2af6e/0028/theta,0
6cd404eb-1c36-4bde-b9b1-24b39b2c715f/0015/r,44.715794
6cd404eb-1c36-4bde-b9b1-24b39b2c715f/0015/theta,-23.519672
1d954255-b8d3-42f4-9e47-2cc32c4cb5ce/0026/r,25.442884
1d954255-b8d3-42f4-9e47-2cc32c4cb5ce/0026/theta,38.088173
77d40a22-9c26-4258-a3cc-a92789bd692e/0001/r,21.192146
77d40a22-9c26-4258-a3cc-a92789bd692e/0001/theta,1.8413427
05ccd11f-9082-4273-aefa-f8386f9ac125/0036/r,32.757713
05ccd11f-9082-4273-aefa-f8386f9ac125/0036/theta,-13.738501
87e9e215-a030-476d-ac5f-f1f4d06ac0c9/0037/r,25
87e9e215-a030-476d-ac5f-f1f4d06ac0c9/0037/theta,0
6662fdd2-4512-4fce-84b0-717edcd5f54c/0046/r,31.333683
6662fdd2-4512-4fce-84b0-717edcd5f54c/0046/theta,-7.023962
fdf23cc5-6850-4507-996e-3e75cec90b5f/0030/r,15.367171
fdf23cc5-6850-4507-996e-3e75cec90b5f/0030/theta,-14.661944
ec1672b2-15ee-4dcb-a6a0-1f524a1977d4/0004/r,23.315897
ec1672b2-15ee-4dcb-a6a0-1f524a1977d4/0004/theta,-10.110338
f8e9737c-639e-433f-8f28-2d7660d63181/0033/r,30.632002
f8e9737c-639e-433f-8f28-2d7660d63181/0033/theta,0.32627463
6662fdd2-4512-4fce-84b0-717edcd5f54c/0043/r,48.812706
6662fdd2-4512-4fce-84b0-717edcd5f54c/0043/theta,-7.05976
ec1672b2-15ee-4dcb-a6a0-1f524a1977d4/0028/r,17.376375
ec1672b2-15ee-4dcb-a6a0-1f524a1977d4/0028/theta,3.2148116
9777f121-d32a-4eba-ad84-7b1b579d9f32/0030/r,39.28519
9777f121-d32a-4eba-ad84-7b1b579d9f32/0030/theta,28.51923
8cfc1ad6-6b03-40bc-8f6e-4215a6741bc3/0011/r,23.903084
8cfc1ad6-6b03-40bc-8f6e-4215a6741bc3/0011/theta,-32.439693
0382f411-9b8a-47dc-bd88-eac8245a28ee/0025/r,11.451614
0382f411-9b8a-47dc-bd88-eac8245a28ee/0025/theta,5.7299204
2b0b4d7d-2d10-46c6-b81d-6a7ec08ad6a9/0017/r,41.40826
2b0b4d7d-2d10-46c6-b81d-6a7ec08ad6a9/0017/theta,-10.803342
f7641633-c393-4115-9278-0d9b4dbf391b/0046/r,22.541279
f7641633-c393-4115-9278-0d9b4dbf391b/0046/theta,2.8765972
bc97d88d-8c86-4653-86a5-4597485ce018/0002/r,37.415577
bc97d88d-8c86-4653-86a5-4597485ce018/0002/theta,-15.808121
030a2430-5503-47c8-87df-8df226c188b2/0053/r,18.068594
030a2430-5503-47c8-87df-8df226c188b2/0053/theta,0.6714828
33258271-d00b-47bb-a09a-4db79a4717e0/0022/r,33.252846
33258271-d00b-47bb-a09a-4db79a4717e0/0022/theta,-10.288055
ee2d1ee9-dd1d-4e63-9881-19205c5dae27/0005/r,17.437206
ee2d1ee9-dd1d-4e63-9881-19205c5dae27/0005/theta,-17.138678
ec1672b2-15ee-4dcb-a6a0-1f524a1977d4/0022/r,28.674664
ec1672b2-15ee-4dcb-a6a0-1f524a1977d4/0022/theta,-6.829651
0213ada8-e776-4404-9312-c264153c57c1/0025/r,41.43956
0213ada8-e776-4404-9312-c264153c57c1/0025/theta,37.335842
77d40a22-9c26-4258-a3cc-a92789bd692e/0039/r,22.069668
77d40a22-9c26-4258-a3cc-a92789bd692e/0039/theta,-19.728848
4b19b5e5-260b-4fbc-83c2-f24eeacdcc64/0006/r,18.96744
4b19b5e5-260b-4fbc-83c2-f24eeacdcc64/0006/theta,-16.69883
8cfc1ad6-6b03-40bc-8f6e-4215a6741bc3/0022/r,7.6716156
8cfc1ad6-6b03-40bc-8f6e-4215a6741bc3/0022/theta,-1.7418573
6662fdd2-4512-4fce-84b0-717edcd5f54c/0001/r,38.74335
6662fdd2-4512-4fce-84b0-717edcd5f54c/0001/theta,-27.558313
ee2d1ee9-dd1d-4e63-9881-19205c5dae27/0006/r,25.259281
ee2d1ee9-dd1d-4e63-9881-19205c5dae27/0006/theta,-13.807663
0382f411-9b8a-47dc-bd88-eac8245a28ee/0034/r,43.39596
0382f411-9b8a-47dc-bd88-eac8245a28ee/0034/theta,20.208092
1d954255-b8d3-42f4-9e47-2cc32c4cb5ce/0002/r,23.47013
1d954255-b8d3-42f4-9e47-2cc32c4cb5ce/0002/theta,-1.2401402
cfb2daae-611b-4b73-9084-6dbf68c8343d/0003/r,25
cfb2daae-611b-4b73-9084-6dbf68c8343d/0003/theta,0
ee2d1ee9-dd1d-4e63-9881-19205c5dae27/0070/r,7.7332764
ee2d1ee9-dd1d-4e63-9881-19205c5dae27/0070/theta,2.9490244
c6efa238-f063-407a-9f5c-81bb9983302e/0005/r,30.88775
c6efa238-f063-407a-9f5c-81bb9983302e/0005/theta,-5.5985966
030a2430-5503-47c8-87df-8df226c188b2/0073/r,17.291237
030a2430-5503-47c8-87df-8df226c188b2/0073/theta,2.1602328
9777f121-d32a-4eba-ad84-7b1b579d9f32/0024/r,47.082695
9777f121-d32a-4eba-ad84-7b1b579d9f32/0024/theta,-5.9101048
55bfa58c-415e-443e-aaa0-c6716f66f780/0055/r,30.040554
55bfa58c-415e-443e-aaa0-c6716f66f780/0055/theta,-6.977865
33258271-d00b-47bb-a09a-4db79a4717e0/0007/r,27.450895
33258271-d00b-47bb-a09a-4db79a4717e0/0007/theta,15.61946
75aeccb7-a82d-4013-9962-e9c9039c264d/0032/r,10.688622
75aeccb7-a82d-4013-9962-e9c9039c264d/0032/theta,8.285193
f8e9737c-639e-433f-8f28-2d7660d63181/0023/r,32.780437
f8e9737c-639e-433f-8f28-2d7660d63181/0023/theta,13.845285
d441b25e-dd7d-46c2-895d-2510bcbd207d/0029/r,39.195633
d441b25e-dd7d-46c2-895d-2510bcbd207d/0029/theta,-9.943353
2b0b4d7d-2d10-46c6-b81d-6a7ec08ad6a9/0013/r,50.259525
2b0b4d7d-2d10-46c6-b81d-6a7ec08ad6a9/0013/theta,0.029536009
55bfa58c-415e-443e-aaa0-c6716f66f780/0008/r,28.756233
55bfa58c-415e-443e-aaa0-c6716f66f780/0008/theta,-36.243343
030a2430-5503-47c8-87df-8df226c188b2/0032/r,25
030a2430-5503-47c8-87df-8df226c188b2/0032/theta,0
ee2d1ee9-dd1d-4e63-9881-19205c5dae27/0053/r,8.1965
ee2d1ee9-dd1d-4e63-9881-19205c5dae27/0053/theta,2.2254755
6cc9eaa6-ab67-4102-b088-4ab6efa2af6e/0006/r,35.627354
6cc9eaa6-ab67-4102-b088-4ab6efa2af6e/0006/theta,0.6847241
eccfbc47-1e2f-4754-9fa7-4f56903cd13d/0032/r,36.42474
eccfbc47-1e2f-4754-9fa7-4f56903cd13d/0032/theta,9.995186
030a2430-5503-47c8-87df-8df226c188b2/0076/r,13.745736
030a2430-5503-47c8-87df-8df226c188b2/0076/theta,-0.111893415
0382f411-9b8a-47dc-bd88-eac8245a28ee/0024/r,22.815037
0382f411-9b8a-47dc-bd88-eac8245a28ee/0024/theta,7.4386845
9777f121-d32a-4eba-ad84-7b1b579d9f32/0010/r,8.165098
9777f121-d32a-4eba-ad84-7b1b579d9f32/0010/theta,-39.220203
0382f411-9b8a-47dc-bd88-eac8245a28ee/0060/r,25
0382f411-9b8a-47dc-bd88-eac8245a28ee/0060/theta,0
58e8bf48-c131-42fb-b5f6-f63e6dc09483/0005/r,5.05229
58e8bf48-c131-42fb-b5f6-f63e6dc09483/0005/theta,-33.09802
aa3e1716-992d-48a6-9b2b-1abef589b301/0012/r,30.257227
aa3e1716-992d-48a6-9b2b-1abef589b301/0012/theta,-0.526371
fdf23cc5-6850-4507-996e-3e75cec90b5f/0018/r,25.728027
fdf23cc5-6850-4507-996e-3e75cec90b5f/0018/theta,21.979443
6662fdd2-4512-4fce-84b0-717edcd5f54c/0004/r,30.80233
6662fdd2-4512-4fce-84b0-717edcd5f54c/0004/theta,-12.377236
d441b25e-dd7d-46c2-895d-2510bcbd207d/0024/r,32.84659
d441b25e-dd7d-46c2-895d-2510bcbd207d/0024/theta,32.155426
0382f411-9b8a-47dc-bd88-eac8245a28ee/0027/r,15.936217
0382f411-9b8a-47dc-bd88-eac8245a28ee/0027/theta,-23.624159
c6efa238-f063-407a-9f5c-81bb9983302e/0010/r,34.271893
c6efa238-f063-407a-9f5c-81bb9983302e/0010/theta,-16.914488
c8f59cc1-94da-4419-9946-8b1e4a42bbcd/0009/r,41.438972
c8f59cc1-94da-4419-9946-8b1e4a42bbcd/0009/theta,-24.830883
55bfa58c-415e-443e-aaa0-c6716f66f780/0037/r,44.238686
55bfa58c-415e-443e-aaa0-c6716f66f780/0037/theta,17.413544
4bdadb60-87ad-4a69-92a0-8d99e2fe3a51/0013/r,13.9805
4bdadb60-87ad-4a69-92a0-8d99e2fe3a51/0013/theta,4.610032
eccfbc47-1e2f-4754-9fa7-4f56903cd13d/0040/r,14.729215
eccfbc47-1e2f-4754-9fa7-4f56903cd13d/0040/theta,-6.4451694
0213ada8-e776-4404-9312-c264153c57c1/0018/r,14.615834
0213ada8-e776-4404-9312-c264153c57c1/0018/theta,5.7267103
ee2d1ee9-dd1d-4e63-9881-19205c5dae27/0037/r,6.25317
ee2d1ee9-dd1d-4e63-9881-19205c5dae27/0037/theta,3.4137423
4b19b5e5-260b-4fbc-83c2-f24eeacdcc64/0014/r,47.046444
4b19b5e5-260b-4fbc-83c2-f24eeacdcc64/0014/theta,-16.652992
c6efa238-f063-407a-9f5c-81bb9983302e/0014/r,49.07786
c6efa238-f063-407a-9f5c-81bb9983302e/0014/theta,-15.246101
55bfa58c-415e-443e-aaa0-c6716f66f780/0012/r,32.486393
55bfa58c-415e-443e-aaa0-c6716f66f780/0012/theta,3.7223074
f8b71ebf-da9e-408f-a080-6a972365160b/0010/r,8.099528
f8b71ebf-da9e-408f-a080-6a972365160b/0010/theta,48.077343
6662fdd2-4512-4fce-84b0-717edcd5f54c/0048/r,17.147522
6662fdd2-4512-4fce-84b0-717edcd5f54c/0048/theta,-20.601109
0382f411-9b8a-47dc-bd88-eac8245a28ee/0039/r,25.218212
0382f411-9b8a-47dc-bd88-eac8245a28ee/0039/theta,25.763823
2b0b4d7d-2d10-46c6-b81d-6a7ec08ad6a9/0024/r,27.455221
2b0b4d7d-2d10-46c6-b81d-6a7ec08ad6a9/0024/theta,28.708113
f14dd492-2b02-43e0-8716-e03e090cbc64/0006/r,36.74555
f14dd492-2b02-43e0-8716-e03e090cbc64/0006/theta,15.367019
58e8bf48-c131-42fb-b5f6-f63e6dc09483/0004/r,6.124095
58e8bf48-c131-42fb-b5f6-f63e6dc09483/0004/theta,-30.734707
21466ee9-c1b6-4699-afcc-84128f8d0b1e/0017/r,23.116291
21466ee9-c1b6-4699-afcc-84128f8d0b1e/0017/theta,2.264856
4b19b5e5-260b-4fbc-83c2-f24eeacdcc64/0013/r,9.128041
4b19b5e5-260b-4fbc-83c2-f24eeacdcc64/0013/theta,-33.920547
a7300ae2-80c6-4a3f-ab9c-9f88f5299b67/0012/r,25.658995
a7300ae2-80c6-4a3f-ab9c-9f88f5299b67/0012/theta,27.625118
6cc9eaa6-ab67-4102-b088-4ab6efa2af6e/0019/r,40.06929
6cc9eaa6-ab67-4102-b088-4ab6efa2af6e/0019/theta,2.016379
87e9e215-a030-476d-ac5f-f1f4d06ac0c9/0023/r,36.01476
87e9e215-a030-476d-ac5f-f1f4d06ac0c9/0023/theta,-39.82136
6cd404eb-1c36-4bde-b9b1-24b39b2c715f/0021/r,47.635967
6cd404eb-1c36-4bde-b9b1-24b39b2c715f/0021/theta,2.4115207
bc97d88d-8c86-4653-86a5-4597485ce018/0018/r,42.702145
bc97d88d-8c86-4653-86a5-4597485ce018/0018/theta,0.16394496
05ccd11f-9082-4273-aefa-f8386f9ac125/0039/r,27.584736
05ccd11f-9082-4273-aefa-f8386f9ac125/0039/theta,-9.597673
77d40a22-9c26-4258-a3cc-a92789bd692e/0003/r,13.844026
77d40a22-9c26-4258-a3cc-a92789bd692e/0003/theta,-3.5600853
f7641633-c393-4115-9278-0d9b4dbf391b/0024/r,26.608295
f7641633-c393-4115-9278-0d9b4dbf391b/0024/theta,45.750877
0213ada8-e776-4404-9312-c264153c57c1/0022/r,25
0213ada8-e776-4404-9312-c264153c57c1/0022/theta,0
77d40a22-9c26-4258-a3cc-a92789bd692e/0034/r,34.363575
77d40a22-9c26-4258-a3cc-a92789bd692e/0034/theta,-14.735438
a7300ae2-80c6-4a3f-ab9c-9f88f5299b67/0011/r,12.243516
a7300ae2-80c6-4a3f-ab9c-9f88f5299b67/0011/theta,-16.516006
6662fdd2-4512-4fce-84b0-717edcd5f54c/0016/r,28.477413
6662fdd2-4512-4fce-84b0-717edcd5f54c/0016/theta,-8.529178
f7641633-c393-4115-9278-0d9b4dbf391b/0002/r,53.348915
f7641633-c393-4115-9278-0d9b4dbf391b/0002/theta,21.93497
ec1672b2-15ee-4dcb-a6a0-1f524a1977d4/0003/r,42.17495
ec1672b2-15ee-4dcb-a6a0-1f524a1977d4/0003/theta,-11.62581
75aeccb7-a82d-4013-9962-e9c9039c264d/0012/r,8.385936
75aeccb7-a82d-4013-9962-e9c9039c264d/0012/theta,-27.583315
f231aa86-53f9-4ddf-b163-0bb421b5c1b1/0027/r,9.378037
f231aa86-53f9-4ddf-b163-0bb421b5c1b1/0027/theta,-21.066652
1d954255-b8d3-42f4-9e47-2cc32c4cb5ce/0007/r,52.70866
1d954255-b8d3-42f4-9e47-2cc32c4cb5ce/0007/theta,13.26382
0213ada8-e776-4404-9312-c264153c57c1/0050/r,10.841405
0213ada8-e776-4404-9312-c264153c57c1/0050/theta,-6.762477
0382f411-9b8a-47dc-bd88-eac8245a28ee/0038/r,33.545704
0382f411-9b8a-47dc-bd88-eac8245a28ee/0038/theta,14.489974
55bfa58c-415e-443e-aaa0-c6716f66f780/0048/r,39.571445
55bfa58c-415e-443e-aaa0-c6716f66f780/0048/theta,-4.96151
4b19b5e5-260b-4fbc-83c2-f24eeacdcc64/0012/r,18.935547
4b19b5e5-260b-4fbc-83c2-f24eeacdcc64/0012/theta,-17.741219
2b0b4d7d-2d10-46c6-b81d-6a7ec08ad6a9/0004/r,34.020786
2b0b4d7d-2d10-46c6-b81d-6a7ec08ad6a9/0004/theta,-10.6803255
561f3498-8181-4eca-bfda-5f3d61ba76ef/0021/r,13.138309
561f3498-8181-4eca-bfda-5f3d61ba76ef/0021/theta,50.12132
6cc9eaa6-ab67-4102-b088-4ab6efa2af6e/0005/r,17.268711
6cc9eaa6-ab67-4102-b088-4ab6efa2af6e/0005/theta,7.9851913
59f19071-a9b1-4de8-b7fd-2a862d2ae674/0005/r,30.689959
59f19071-a9b1-4de8-b7fd-2a862d2ae674/0005/theta,-0.56964135
fdf23cc5-6850-4507-996e-3e75cec90b5f/0007/r,14.744922
fdf23cc5-6850-4507-996e-3e75cec90b5f/0007/theta,0.44372964
43125b79-258a-42c8-8572-fcad85e3c3be/0017/r,42.03556
43125b79-258a-42c8-8572-fcad85e3c3be/0017/theta,6.2397842
c6efa238-f063-407a-9f5c-81bb9983302e/0000/r,6.7147255
c6efa238-f063-407a-9f5c-81bb9983302e/0000/theta,-19.718105
c8f59cc1-94da-4419-9946-8b1e4a42bbcd/0002/r,36.153446
c8f59cc1-94da-4419-9946-8b1e4a42bbcd/0002/theta,5.52833
f7641633-c393-4115-9278-0d9b4dbf391b/0042/r,15.92936
f7641633-c393-4115-9278-0d9b4dbf391b/0042/theta,48.323177
0213ada8-e776-4404-9312-c264153c57c1/0016/r,14.7500925
0213ada8-e776-4404-9312-c264153c57c1/0016/theta,6.3862696
9777f121-d32a-4eba-ad84-7b1b579d9f32/0009/r,30.955542
9777f121-d32a-4eba-ad84-7b1b579d9f32/0009/theta,-6.045497
21466ee9-c1b6-4699-afcc-84128f8d0b1e/0010/r,8.890714
21466ee9-c1b6-4699-afcc-84128f8d0b1e/0010/theta,14.937238
94df467e-76d8-42c3-b45d-dcebf6131998/0023/r,16.720495
94df467e-76d8-42c3-b45d-dcebf6131998/0023/theta,18.401749
55bfa58c-415e-443e-aaa0-c6716f66f780/0033/r,25
55bfa58c-415e-443e-aaa0-c6716f66f780/0033/theta,0
f8b71ebf-da9e-408f-a080-6a972365160b/0000/r,8.242017
f8b71ebf-da9e-408f-a080-6a972365160b/0000/theta,44.52578
87e9e215-a030-476d-ac5f-f1f4d06ac0c9/0012/r,23.535305
87e9e215-a030-476d-ac5f-f1f4d06ac0c9/0012/theta,-25.54218
bc97d88d-8c86-4653-86a5-4597485ce018/0006/r,47.443195
bc97d88d-8c86-4653-86a5-4597485ce018/0006/theta,4.137635
eccfbc47-1e2f-4754-9fa7-4f56903cd13d/0017/r,28.735476
eccfbc47-1e2f-4754-9fa7-4f56903cd13d/0017/theta,-13.5901575
f8e9737c-639e-433f-8f28-2d7660d63181/0045/r,13.976471
f8e9737c-639e-433f-8f28-2d7660d63181/0045/theta,0.36876774
05ccd11f-9082-4273-aefa-f8386f9ac125/0040/r,24.272968
05ccd11f-9082-4273-aefa-f8386f9ac125/0040/theta,-18.020405
87e9e215-a030-476d-ac5f-f1f4d06ac0c9/0022/r,4.543457
87e9e215-a030-476d-ac5f-f1f4d06ac0c9/0022/theta,-48.564945
4b19b5e5-260b-4fbc-83c2-f24eeacdcc64/0001/r,33.722767
4b19b5e5-260b-4fbc-83c2-f24eeacdcc64/0001/theta,2.1444156
9d602547-bdf8-45e3-9b16-81c6fe9338e4/0001/r,21.191761
9d602547-bdf8-45e3-9b16-81c6fe9338e4/0001/theta,-11.337241
5d07a8d5-1fed-47ef-8bb7-a6074763e09e/0018/r,15.770966
5d07a8d5-1fed-47ef-8bb7-a6074763e09e/0018/theta,-17.493767
94835623-ca6c-4ac4-82d4-0e63c1b7c16a/0021/r,8.7024975
94835623-ca6c-4ac4-82d4-0e63c1b7c16a/0021/theta,3.7914202
030a2430-5503-47c8-87df-8df226c188b2/0014/r,7.93929
030a2430-5503-47c8-87df-8df226c188b2/0014/theta,36.93731
75aeccb7-a82d-4013-9962-e9c9039c264d/0031/r,15.083398
75aeccb7-a82d-4013-9962-e9c9039c264d/0031/theta,4.4895306
f8b71ebf-da9e-408f-a080-6a972365160b/0004/r,24.405169
f8b71ebf-da9e-408f-a080-6a972365160b/0004/theta,4.4260178
c6efa238-f063-407a-9f5c-81bb9983302e/0009/r,38.151123
c6efa238-f063-407a-9f5c-81bb9983302e/0009/theta,-16.913202
55bfa58c-415e-443e-aaa0-c6716f66f780/0020/r,18.80713
55bfa58c-415e-443e-aaa0-c6716f66f780/0020/theta,-12.177285
75aeccb7-a82d-4013-9962-e9c9039c264d/0023/r,35.57987
75aeccb7-a82d-4013-9962-e9c9039c264d/0023/theta,27.133593
030a2430-5503-47c8-87df-8df226c188b2/0070/r,27.004677
030a2430-5503-47c8-87df-8df226c188b2/0070/theta,-0.065824986
030a2430-5503-47c8-87df-8df226c188b2/0017/r,50.62821
030a2430-5503-47c8-87df-8df226c188b2/0017/theta,5.257615
eccfbc47-1e2f-4754-9fa7-4f56903cd13d/0015/r,7.292389
eccfbc47-1e2f-4754-9fa7-4f56903cd13d/0015/theta,-29.159182
0382f411-9b8a-47dc-bd88-eac8245a28ee/0021/r,42.997295
0382f411-9b8a-47dc-bd88-eac8245a28ee/0021/theta,-2.0597665
030a2430-5503-47c8-87df-8df226c188b2/0069/r,18.369265
030a2430-5503-47c8-87df-8df226c188b2/0069/theta,1.5493431
55bfa58c-415e-443e-aaa0-c6716f66f780/0022/r,7.5141363
55bfa58c-415e-443e-aaa0-c6716f66f780/0022/theta,-27.407524
030a2430-5503-47c8-87df-8df226c188b2/0068/r,15.381309
030a2430-5503-47c8-87df-8df226c188b2/0068/theta,1.0920708
030a2430-5503-47c8-87df-8df226c188b2/0055/r,14.875755
030a2430-5503-47c8-87df-8df226c188b2/0055/theta,0.007881641
f7641633-c393-4115-9278-0d9b4dbf391b/0025/r,50.3771
f7641633-c393-4115-9278-0d9b4dbf391b/0025/theta,33.171967
05ccd11f-9082-4273-aefa-f8386f9ac125/0012/r,45.04041
05ccd11f-9082-4273-aefa-f8386f9ac125/0012/theta,-8.096832
ec1672b2-15ee-4dcb-a6a0-1f524a1977d4/0032/r,15.769946
ec1672b2-15ee-4dcb-a6a0-1f524a1977d4/0032/theta,-14.320333
87e9e215-a030-476d-ac5f-f1f4d06ac0c9/0061/r,12.351151
87e9e215-a030-476d-ac5f-f1f4d06ac0c9/0061/theta,4.220889
0382f411-9b8a-47dc-bd88-eac8245a28ee/0032/r,29.082352
0382f411-9b8a-47dc-bd88-eac8245a28ee/0032/theta,-31.649492
f8b71ebf-da9e-408f-a080-6a972365160b/0005/r,5.3581953
f8b71ebf-da9e-408f-a080-6a972365160b/0005/theta,-36.88429
94df467e-76d8-42c3-b45d-dcebf6131998/0000/r,4.730077
94df467e-76d8-42c3-b45d-dcebf6131998/0000/theta,-0.5053208
21466ee9-c1b6-4699-afcc-84128f8d0b1e/0024/r,23.494764
21466ee9-c1b6-4699-afcc-84128f8d0b1e/0024/theta,4.010069
d441b25e-dd7d-46c2-895d-2510bcbd207d/0002/r,5.5407314
d441b25e-dd7d-46c2-895d-2510bcbd207d/0002/theta,6.3387346
87e9e215-a030-476d-ac5f-f1f4d06ac0c9/0047/r,22.792877
87e9e215-a030-476d-ac5f-f1f4d06ac0c9/0047/theta,4.1258984
f7641633-c393-4115-9278-0d9b4dbf391b/0022/r,34.4651
f7641633-c393-4115-9278-0d9b4dbf391b/0022/theta,-35.331684
5d07a8d5-1fed-47ef-8bb7-a6074763e09e/0033/r,30.499512
5d07a8d5-1fed-47ef-8bb7-a6074763e09e/0033/theta,-8.210564
8cfc1ad6-6b03-40bc-8f6e-4215a6741bc3/0006/r,43.98018
8cfc1ad6-6b03-40bc-8f6e-4215a6741bc3/0006/theta,32.676014
6662fdd2-4512-4fce-84b0-717edcd5f54c/0056/r,23.685173
6662fdd2-4512-4fce-84b0-717edcd5f54c/0056/theta,40.347557
b89ca3c0-b361-43f8-b261-ab7eabe8eabf/0023/r,54.615818
b89ca3c0-b361-43f8-b261-ab7eabe8eabf/0023/theta,-10.050143
561f3498-8181-4eca-bfda-5f3d61ba76ef/0010/r,10.022343
561f3498-8181-4eca-bfda-5f3d61ba76ef/0010/theta,-12.863173
cfb2daae-611b-4b73-9084-6dbf68c8343d/0010/r,10.277292
cfb2daae-611b-4b73-9084-6dbf68c8343d/0010/theta,-23.668533
bc97d88d-8c86-4653-86a5-4597485ce018/0007/r,40.316856
bc97d88d-8c86-4653-86a5-4597485ce018/0007/theta,16.123142
55bfa58c-415e-443e-aaa0-c6716f66f780/0044/r,15.919331
55bfa58c-415e-443e-aaa0-c6716f66f780/0044/theta,-7.4110966
ee2d1ee9-dd1d-4e63-9881-19205c5dae27/0030/r,9.818242
ee2d1ee9-dd1d-4e63-9881-19205c5dae27/0030/theta,3.7123916
05ccd11f-9082-4273-aefa-f8386f9ac125/0041/r,22.22337
05ccd11f-9082-4273-aefa-f8386f9ac125/0041/theta,-9.91791
58e8bf48-c131-42fb-b5f6-f63e6dc09483/0011/r,40.984127
58e8bf48-c131-42fb-b5f6-f63e6dc09483/0011/theta,5.6492243
aa3e1716-992d-48a6-9b2b-1abef589b301/0023/r,25.438053
aa3e1716-992d-48a6-9b2b-1abef589b301/0023/theta,27.869648
f8b71ebf-da9e-408f-a080-6a972365160b/0032/r,5.46723
f8b71ebf-da9e-408f-a080-6a972365160b/0032/theta,-5.9896183
6662fdd2-4512-4fce-84b0-717edcd5f54c/0057/r,23.723898
6662fdd2-4512-4fce-84b0-717edcd5f54c/0057/theta,40.07737
a7300ae2-80c6-4a3f-ab9c-9f88f5299b67/0013/r,28.626507
a7300ae2-80c6-4a3f-ab9c-9f88f5299b67/0013/theta,35.188236
55bfa58c-415e-443e-aaa0-c6716f66f780/0018/r,47.009136
55bfa58c-415e-443e-aaa0-c6716f66f780/0018/theta,-5.711439
6662fdd2-4512-4fce-84b0-717edcd5f54c/0007/r,30.813192
6662fdd2-4512-4fce-84b0-717edcd5f54c/0007/theta,-12.402714
94df467e-76d8-42c3-b45d-dcebf6131998/0014/r,8.608168
94df467e-76d8-42c3-b45d-dcebf6131998/0014/theta,-3.0088432
55bfa58c-415e-443e-aaa0-c6716f66f780/0031/r,8.3707285
55bfa58c-415e-443e-aaa0-c6716f66f780/0031/theta,-32.088226
0213ada8-e776-4404-9312-c264153c57c1/0021/r,34.304558
0213ada8-e776-4404-9312-c264153c57c1/0021/theta,6.728759
f8b71ebf-da9e-408f-a080-6a972365160b/0016/r,17.337769
f8b71ebf-da9e-408f-a080-6a972365160b/0016/theta,27.117126
87e9e215-a030-476d-ac5f-f1f4d06ac0c9/0064/r,12.15077
87e9e215-a030-476d-ac5f-f1f4d06ac0c9/0064/theta,3.7794964
fdf23cc5-6850-4507-996e-3e75cec90b5f/0024/r,46.6803
fdf23cc5-6850-4507-996e-3e75cec90b5f/0024/theta,-7.7756987
2b0b4d7d-2d10-46c6-b81d-6a7ec08ad6a9/0021/r,30.464283
2b0b4d7d-2d10-46c6-b81d-6a7ec08ad6a9/0021/theta,27.578043
7363cba9-9fbb-4fd2-8c07-e46bed2e1f33/0016/r,10.266159
7363cba9-9fbb-4fd2-8c07-e46bed2e1f33/0016/theta,5.3614807
fdf23cc5-6850-4507-996e-3e75cec90b5f/0038/r,46.29114
fdf23cc5-6850-4507-996e-3e75cec90b5f/0038/theta,-5.1857796
6d479b33-7b8d-4ec8-8fdf-6d58127c633b/0008/r,33.937794
6d479b33-7b8d-4ec8-8fdf-6d58127c633b/0008/theta,-23.03123
f231aa86-53f9-4ddf-b163-0bb421b5c1b1/0006/r,20.16729
f231aa86-53f9-4ddf-b163-0bb421b5c1b1/0006/theta,2.1664984
5d07a8d5-1fed-47ef-8bb7-a6074763e09e/0002/r,9.872338
5d07a8d5-1fed-47ef-8bb7-a6074763e09e/0002/theta,2.2327926
6cd404eb-1c36-4bde-b9b1-24b39b2c715f/0008/r,43.765633
6cd404eb-1c36-4bde-b9b1-24b39b2c715f/0008/theta,-0.70765615
21466ee9-c1b6-4699-afcc-84128f8d0b1e/0037/r,12.195947
21466ee9-c1b6-4699-afcc-84128f8d0b1e/0037/theta,10.268813
ee2d1ee9-dd1d-4e63-9881-19205c5dae27/0043/r,6.8135405
ee2d1ee9-dd1d-4e63-9881-19205c5dae27/0043/theta,2.9535916
6cc9eaa6-ab67-4102-b088-4ab6efa2af6e/0043/r,25
6cc9eaa6-ab67-4102-b088-4ab6efa2af6e/0043/theta,0
77d40a22-9c26-4258-a3cc-a92789bd692e/0027/r,30.701862
77d40a22-9c26-4258-a3cc-a92789bd692e/0027/theta,-18.519787
eccfbc47-1e2f-4754-9fa7-4f56903cd13d/0041/r,58.03676
eccfbc47-1e2f-4754-9fa7-4f56903cd13d/0041/theta,5.725936
aa3e1716-992d-48a6-9b2b-1abef589b301/0028/r,33.187378
aa3e1716-992d-48a6-9b2b-1abef589b301/0028/theta,-21.595385
eccfbc47-1e2f-4754-9fa7-4f56903cd13d/0028/r,16.779217
eccfbc47-1e2f-4754-9fa7-4f56903cd13d/0028/theta,-14.596323
fdf23cc5-6850-4507-996e-3e75cec90b5f/0026/r,6.132
fdf23cc5-6850-4507-996e-3e75cec90b5f/0026/theta,-38.87672
ee2d1ee9-dd1d-4e63-9881-19205c5dae27/0065/r,6.329404
ee2d1ee9-dd1d-4e63-9881-19205c5dae27/0065/theta,6.8941574
33258271-d00b-47bb-a09a-4db79a4717e0/0025/r,30.809654
33258271-d00b-47bb-a09a-4db79a4717e0/0025/theta,-11.452175
6cc9eaa6-ab67-4102-b088-4ab6efa2af6e/0002/r,18.523195
6cc9eaa6-ab67-4102-b088-4ab6efa2af6e/0002/theta,33.064156
6cc9eaa6-ab67-4102-b088-4ab6efa2af6e/0012/r,34.36995
6cc9eaa6-ab67-4102-b088-4ab6efa2af6e/0012/theta,17.346708
f8b71ebf-da9e-408f-a080-6a972365160b/0030/r,7.886344
f8b71ebf-da9e-408f-a080-6a972365160b/0030/theta,-0.16859591
21466ee9-c1b6-4699-afcc-84128f8d0b1e/0003/r,50.918472
21466ee9-c1b6-4699-afcc-84128f8d0b1e/0003/theta,-21.939896
6662fdd2-4512-4fce-84b0-717edcd5f54c/0031/r,31.411753
6662fdd2-4512-4fce-84b0-717edcd5f54c/0031/theta,-4.6821165
43125b79-258a-42c8-8572-fcad85e3c3be/0003/r,37.05987
43125b79-258a-42c8-8572-fcad85e3c3be/0003/theta,-27.208002
f8b71ebf-da9e-408f-a080-6a972365160b/0012/r,9.1095
f8b71ebf-da9e-408f-a080-6a972365160b/0012/theta,49.843044
ee2d1ee9-dd1d-4e63-9881-19205c5dae27/0078/r,8.592232
ee2d1ee9-dd1d-4e63-9881-19205c5dae27/0078/theta,3.8445256
59f19071-a9b1-4de8-b7fd-2a862d2ae674/0011/r,41.41882
59f19071-a9b1-4de8-b7fd-2a862d2ae674/0011/theta,1.4511001
ee2d1ee9-dd1d-4e63-9881-19205c5dae27/0059/r,7.4859066
ee2d1ee9-dd1d-4e63-9881-19205c5dae27/0059/theta,5.5928545
21466ee9-c1b6-4699-afcc-84128f8d0b1e/0034/r,26.010853
21466ee9-c1b6-4699-afcc-84128f8d0b1e/0034/theta,1.7628515
0213ada8-e776-4404-9312-c264153c57c1/0044/r,31.24321
0213ada8-e776-4404-9312-c264153c57c1/0044/theta,-32.649155
4bdadb60-87ad-4a69-92a0-8d99e2fe3a51/0005/r,10.828861
4bdadb60-87ad-4a69-92a0-8d99e2fe3a51/0005/theta,7.1516848
d441b25e-dd7d-46c2-895d-2510bcbd207d/0040/r,30.065975
d441b25e-dd7d-46c2-895d-2510bcbd207d/0040/theta,-25.852493
4819ef9e-e93e-479b-a613-dca8f9be3d45/0001/r,27.026505
4819ef9e-e93e-479b-a613-dca8f9be3d45/0001/theta,-35.101494
43125b79-258a-42c8-8572-fcad85e3c3be/0009/r,11.993026
43125b79-258a-42c8-8572-fcad85e3c3be/0009/theta,-3.6444757
7363cba9-9fbb-4fd2-8c07-e46bed2e1f33/0018/r,10.921524
7363cba9-9fbb-4fd2-8c07-e46bed2e1f33/0018/theta,7.308301
8cfc1ad6-6b03-40bc-8f6e-4215a6741bc3/0016/r,25.02709
8cfc1ad6-6b03-40bc-8f6e-4215a6741bc3/0016/theta,35.57731
ee2d1ee9-dd1d-4e63-9881-19205c5dae27/0000/r,4.2718525
ee2d1ee9-dd1d-4e63-9881-19205c5dae27/0000/theta,-4.3044214
0213ada8-e776-4404-9312-c264153c57c1/0013/r,15.374704
0213ada8-e776-4404-9312-c264153c57c1/0013/theta,6.0820036
94835623-ca6c-4ac4-82d4-0e63c1b7c16a/0015/r,37.5975
94835623-ca6c-4ac4-82d4-0e63c1b7c16a/0015/theta,-35.18062
f8b71ebf-da9e-408f-a080-6a972365160b/0017/r,17.742144
f8b71ebf-da9e-408f-a080-6a972365160b/0017/theta,31.878662
a7300ae2-80c6-4a3f-ab9c-9f88f5299b67/0005/r,16.222723
a7300ae2-80c6-4a3f-ab9c-9f88f5299b67/0005/theta,-9.191837
6662fdd2-4512-4fce-84b0-717edcd5f54c/0053/r,27.940443
6662fdd2-4512-4fce-84b0-717edcd5f54c/0053/theta,35.5079
f8e9737c-639e-433f-8f28-2d7660d63181/0035/r,38.94426
f8e9737c-639e-433f-8f28-2d7660d63181/0035/theta,3.4302619
268e7603-8bb4-4909-ad83-2962513382d4/0019/r,25
268e7603-8bb4-4909-ad83-2962513382d4/0019/theta,0
6cd404eb-1c36-4bde-b9b1-24b39b2c715f/0000/r,4.435731
6cd404eb-1c36-4bde-b9b1-24b39b2c715f/0000/theta,9.555129
d441b25e-dd7d-46c2-895d-2510bcbd207d/0054/r,8.661533
d441b25e-dd7d-46c2-895d-2510bcbd207d/0054/theta,-36.74376
030a2430-5503-47c8-87df-8df226c188b2/0051/r,32.429432
030a2430-5503-47c8-87df-8df226c188b2/0051/theta,0.480469
f7641633-c393-4115-9278-0d9b4dbf391b/0028/r,15.41569
f7641633-c393-4115-9278-0d9b4dbf391b/0028/theta,-36.899906
ec1672b2-15ee-4dcb-a6a0-1f524a1977d4/0023/r,11.866408
ec1672b2-15ee-4dcb-a6a0-1f524a1977d4/0023/theta,16.795021
05ccd11f-9082-4273-aefa-f8386f9ac125/0001/r,28.491943
05ccd11f-9082-4273-aefa-f8386f9ac125/0001/theta,-9.591561
f7641633-c393-4115-9278-0d9b4dbf391b/0044/r,29.390345
f7641633-c393-4115-9278-0d9b4dbf391b/0044/theta,5.8980827
05ccd11f-9082-4273-aefa-f8386f9ac125/0013/r,29.676899
05ccd11f-9082-4273-aefa-f8386f9ac125/0013/theta,-19.22292
268e7603-8bb4-4909-ad83-2962513382d4/0008/r,44.730457
268e7603-8bb4-4909-ad83-2962513382d4/0008/theta,-9.356791
55bfa58c-415e-443e-aaa0-c6716f66f780/0054/r,29.984762
55bfa58c-415e-443e-aaa0-c6716f66f780/0054/theta,-7.022496
f8e9737c-639e-433f-8f28-2d7660d63181/0010/r,21.116755
f8e9737c-639e-433f-8f28-2d7660d63181/0010/theta,15.535657
ee2d1ee9-dd1d-4e63-9881-19205c5dae27/0026/r,38.772503
ee2d1ee9-dd1d-4e63-9881-19205c5dae27/0026/theta,0.6150911
030a2430-5503-47c8-87df-8df226c188b2/0007/r,34.16008
030a2430-5503-47c8-87df-8df226c188b2/0007/theta,-38.04411
aa3e1716-992d-48a6-9b2b-1abef589b301/0019/r,14.725222
aa3e1716-992d-48a6-9b2b-1abef589b301/0019/theta,16.471775
030a2430-5503-47c8-87df-8df226c188b2/0044/r,21.12552
030a2430-5503-47c8-87df-8df226c188b2/0044/theta,17.76175
1d954255-b8d3-42f4-9e47-2cc32c4cb5ce/0023/r,31.828194
1d954255-b8d3-42f4-9e47-2cc32c4cb5ce/0023/theta,6.595747
21466ee9-c1b6-4699-afcc-84128f8d0b1e/0029/r,19.17707
21466ee9-c1b6-4699-afcc-84128f8d0b1e/0029/theta,3.004278
ee2d1ee9-dd1d-4e63-9881-19205c5dae27/0075/r,9.134613
ee2d1ee9-dd1d-4e63-9881-19205c5dae27/0075/theta,2.852885
4bdadb60-87ad-4a69-92a0-8d99e2fe3a51/0008/r,13.577868
4bdadb60-87ad-4a69-92a0-8d99e2fe3a51/0008/theta,3.963373
1d954255-b8d3-42f4-9e47-2cc32c4cb5ce/0025/r,26.083385
1d954255-b8d3-42f4-9e47-2cc32c4cb5ce/0025/theta,36.40182
87e9e215-a030-476d-ac5f-f1f4d06ac0c9/0065/r,12.077556
87e9e215-a030-476d-ac5f-f1f4d06ac0c9/0065/theta,3.2509525
6cc9eaa6-ab67-4102-b088-4ab6efa2af6e/0042/r,26.125866
6cc9eaa6-ab67-4102-b088-4ab6efa2af6e/0042/theta,-26.85973
33258271-d00b-47bb-a09a-4db79a4717e0/0003/r,40.00799
33258271-d00b-47bb-a09a-4db79a4717e0/0003/theta,1.9403789
561f3498-8181-4eca-bfda-5f3d61ba76ef/0031/r,46.667053
561f3498-8181-4eca-bfda-5f3d61ba76ef/0031/theta,-28.736408
1d954255-b8d3-42f4-9e47-2cc32c4cb5ce/0005/r,6.2640705
1d954255-b8d3-42f4-9e47-2cc32c4cb5ce/0005/theta,-49.332035
21466ee9-c1b6-4699-afcc-84128f8d0b1e/0038/r,8.213701
21466ee9-c1b6-4699-afcc-84128f8d0b1e/0038/theta,-5.092665
9777f121-d32a-4eba-ad84-7b1b579d9f32/0014/r,8.212629
9777f121-d32a-4eba-ad84-7b1b579d9f32/0014/theta,-29.319092
f8e9737c-639e-433f-8f28-2d7660d63181/0015/r,29.53801
f8e9737c-639e-433f-8f28-2d7660d63181/0015/theta,-9.954172
33258271-d00b-47bb-a09a-4db79a4717e0/0002/r,46.330406
33258271-d00b-47bb-a09a-4db79a4717e0/0002/theta,-12.01747
9777f121-d32a-4eba-ad84-7b1b579d9f32/0033/r,21.022608
9777f121-d32a-4eba-ad84-7b1b579d9f32/0033/theta,-17.928255
ec1672b2-15ee-4dcb-a6a0-1f524a1977d4/0005/r,13.363475
ec1672b2-15ee-4dcb-a6a0-1f524a1977d4/0005/theta,-3.3047833
87e9e215-a030-476d-ac5f-f1f4d06ac0c9/0003/r,30.757957
87e9e215-a030-476d-ac5f-f1f4d06ac0c9/0003/theta,-2.0945342
fdf23cc5-6850-4507-996e-3e75cec90b5f/0041/r,9.430578
fdf23cc5-6850-4507-996e-3e75cec90b5f/0041/theta,5.268903
6cc9eaa6-ab67-4102-b088-4ab6efa2af6e/0011/r,49.142967
6cc9eaa6-ab67-4102-b088-4ab6efa2af6e/0011/theta,39.201073
0213ada8-e776-4404-9312-c264153c57c1/0004/r,4.9357514
0213ada8-e776-4404-9312-c264153c57c1/0004/theta,22.100624
77d40a22-9c26-4258-a3cc-a92789bd692e/0025/r,35.21224
77d40a22-9c26-4258-a3cc-a92789bd692e/0025/theta,-17.620058
8cfc1ad6-6b03-40bc-8f6e-4215a6741bc3/0018/r,39.215244
8cfc1ad6-6b03-40bc-8f6e-4215a6741bc3/0018/theta,-30.157444
f8e9737c-639e-433f-8f28-2d7660d63181/0027/r,25
f8e9737c-639e-433f-8f28-2d7660d63181/0027/theta,0
43125b79-258a-42c8-8572-fcad85e3c3be/0006/r,26.9403
43125b79-258a-42c8-8572-fcad85e3c3be/0006/theta,-4.9144783
55bfa58c-415e-443e-aaa0-c6716f66f780/0003/r,44.288425
55bfa58c-415e-443e-aaa0-c6716f66f780/0003/theta,-9.243266
2b0b4d7d-2d10-46c6-b81d-6a7ec08ad6a9/0010/r,23.77219
2b0b4d7d-2d10-46c6-b81d-6a7ec08ad6a9/0010/theta,15.462535
0213ada8-e776-4404-9312-c264153c57c1/0006/r,8.142636
0213ada8-e776-4404-9312-c264153c57c1/0006/theta,5.287595
43125b79-258a-42c8-8572-fcad85e3c3be/0008/r,8.131382
43125b79-258a-42c8-8572-fcad85e3c3be/0008/theta,-12.696935
aa3e1716-992d-48a6-9b2b-1abef589b301/0022/r,25.205505
aa3e1716-992d-48a6-9b2b-1abef589b301/0022/theta,28.843151
9777f121-d32a-4eba-ad84-7b1b579d9f32/0004/r,35.393227
9777f121-d32a-4eba-ad84-7b1b579d9f32/0004/theta,18.442356
43125b79-258a-42c8-8572-fcad85e3c3be/0018/r,42.05093
43125b79-258a-42c8-8572-fcad85e3c3be/0018/theta,6.2104216
aa3e1716-992d-48a6-9b2b-1abef589b301/0011/r,30.78406
aa3e1716-992d-48a6-9b2b-1abef589b301/0011/theta,-1.5125468
eccfbc47-1e2f-4754-9fa7-4f56903cd13d/0011/r,48.440723
eccfbc47-1e2f-4754-9fa7-4f56903cd13d/0011/theta,-0.76817536
94835623-ca6c-4ac4-82d4-0e63c1b7c16a/0006/r,5.3030767
94835623-ca6c-4ac4-82d4-0e63c1b7c16a/0006/theta,15.288825
ee2d1ee9-dd1d-4e63-9881-19205c5dae27/0045/r,8.21521
ee2d1ee9-dd1d-4e63-9881-19205c5dae27/0045/theta,2.1899002
ee2d1ee9-dd1d-4e63-9881-19205c5dae27/0066/r,8.171136
ee2d1ee9-dd1d-4e63-9881-19205c5dae27/0066/theta,4.7422047
0382f411-9b8a-47dc-bd88-eac8245a28ee/0064/r,25
0382f411-9b8a-47dc-bd88-eac8245a28ee/0064/theta,0
f8e9737c-639e-433f-8f28-2d7660d63181/0042/r,41.48351
f8e9737c-639e-433f-8f28-2d7660d63181/0042/theta,32.04327
f8e9737c-639e-433f-8f28-2d7660d63181/0026/r,21.166622
f8e9737c-639e-433f-8f28-2d7660d63181/0026/theta,-8.738721
ee2d1ee9-dd1d-4e63-9881-19205c5dae27/0060/r,8.219017
ee2d1ee9-dd1d-4e63-9881-19205c5dae27/0060/theta,3.296304
94835623-ca6c-4ac4-82d4-0e63c1b7c16a/0001/r,10.354461
94835623-ca6c-4ac4-82d4-0e63c1b7c16a/0001/theta,8.791623
f8e9737c-639e-433f-8f28-2d7660d63181/0020/r,37.309628
f8e9737c-639e-433f-8f28-2d7660d63181/0020/theta,28.689814
fdf23cc5-6850-4507-996e-3e75cec90b5f/0012/r,21.88491
fdf23cc5-6850-4507-996e-3e75cec90b5f/0012/theta,0.46507955
33258271-d00b-47bb-a09a-4db79a4717e0/0017/r,45.096977
33258271-d00b-47bb-a09a-4db79a4717e0/0017/theta,15.811496
c8f59cc1-94da-4419-9946-8b1e4a42bbcd/0001/r,38.273952
c8f59cc1-94da-4419-9946-8b1e4a42bbcd/0001/theta,-30.661953
05ccd11f-9082-4273-aefa-f8386f9ac125/0052/r,40.20249
05ccd11f-9082-4273-aefa-f8386f9ac125/0052/theta,-32.579617
fdf23cc5-6850-4507-996e-3e75cec90b5f/0002/r,23.655853
fdf23cc5-6850-4507-996e-3e75cec90b5f/0002/theta,-2.1942859
030a2430-5503-47c8-87df-8df226c188b2/0067/r,12.978632
030a2430-5503-47c8-87df-8df226c188b2/0067/theta,2.4890687
f8b71ebf-da9e-408f-a080-6a972365160b/0018/r,19.461288
f8b71ebf-da9e-408f-a080-6a972365160b/0018/theta,31.499264
6662fdd2-4512-4fce-84b0-717edcd5f54c/0039/r,44.162056
6662fdd2-4512-4fce-84b0-717edcd5f54c/0039/theta,2.2921169
0213ada8-e776-4404-9312-c264153c57c1/0017/r,17.071392
0213ada8-e776-4404-9312-c264153c57c1/0017/theta,7.660495
6cd404eb-1c36-4bde-b9b1-24b39b2c715f/0004/r,6.8989058
6cd404eb-1c36-4bde-b9b1-24b39b2c715f/0004/theta,7.9003487
f8e9737c-639e-433f-8f28-2d7660d63181/0034/r,25
f8e9737c-639e-433f-8f28-2d7660d63181/0034/theta,0
561f3498-8181-4eca-bfda-5f3d61ba76ef/0007/r,10.175918
561f3498-8181-4eca-bfda-5f3d61ba76ef/0007/theta,-38.51147
eccfbc47-1e2f-4754-9fa7-4f56903cd13d/0035/r,7.2023973
eccfbc47-1e2f-4754-9fa7-4f56903cd13d/0035/theta,-36.67024
6d479b33-7b8d-4ec8-8fdf-6d58127c633b/0002/r,26.194187
6d479b33-7b8d-4ec8-8fdf-6d58127c633b/0002/theta,4.2620306
05ccd11f-9082-4273-aefa-f8386f9ac125/0045/r,6.530551
05ccd11f-9082-4273-aefa-f8386f9ac125/0045/theta,-43.817142
8cfc1ad6-6b03-40bc-8f6e-4215a6741bc3/0021/r,13.73991
8cfc1ad6-6b03-40bc-8f6e-4215a6741bc3/0021/theta,-23.512606
c6efa238-f063-407a-9f5c-81bb9983302e/0007/r,42.70183
c6efa238-f063-407a-9f5c-81bb9983302e/0007/theta,4.5559483
5d07a8d5-1fed-47ef-8bb7-a6074763e09e/0031/r,29.12604
5d07a8d5-1fed-47ef-8bb7-a6074763e09e/0031/theta,-20.13627
58e8bf48-c131-42fb-b5f6-f63e6dc09483/0002/r,10.956138
58e8bf48-c131-42fb-b5f6-f63e6dc09483/0002/theta,-19.881092
cfb2daae-611b-4b73-9084-6dbf68c8343d/0015/r,15.807223
cfb2daae-611b-4b73-9084-6dbf68c8343d/0015/theta,-23.962341
561f3498-8181-4eca-bfda-5f3d61ba76ef/0028/r,39.691257
561f3498-8181-4eca-bfda-5f3d61ba76ef/0028/theta,-16.069204
d441b25e-dd7d-46c2-895d-2510bcbd207d/0009/r,12.313689
d441b25e-dd7d-46c2-895d-2510bcbd207d/0009/theta,-26.295088
f8e9737c-639e-433f-8f28-2d7660d63181/0008/r,23.340015
f8e9737c-639e-433f-8f28-2d7660d63181/0008/theta,-0.603982
87e9e215-a030-476d-ac5f-f1f4d06ac0c9/0008/r,42.29166
87e9e215-a030-476d-ac5f-f1f4d06ac0c9/0008/theta,-14.631328
f8b71ebf-da9e-408f-a080-6a972365160b/0041/r,7.8569155
f8b71ebf-da9e-408f-a080-6a972365160b/0041/theta,12.959489
fdf23cc5-6850-4507-996e-3e75cec90b5f/0022/r,46.76981
fdf23cc5-6850-4507-996e-3e75cec90b5f/0022/theta,3.0884292
2b0b4d7d-2d10-46c6-b81d-6a7ec08ad6a9/0012/r,16.60029
2b0b4d7d-2d10-46c6-b81d-6a7ec08ad6a9/0012/theta,-13.717637
b89ca3c0-b361-43f8-b261-ab7eabe8eabf/0005/r,44.987595
b89ca3c0-b361-43f8-b261-ab7eabe8eabf/0005/theta,10.85856
fdf23cc5-6850-4507-996e-3e75cec90b5f/0021/r,43.010925
fdf23cc5-6850-4507-996e-3e75cec90b5f/0021/theta,3.9405363
aa3e1716-992d-48a6-9b2b-1abef589b301/0026/r,18.762451
aa3e1716-992d-48a6-9b2b-1abef589b301/0026/theta,-34.14463
1d954255-b8d3-42f4-9e47-2cc32c4cb5ce/0009/r,7.38593
1d954255-b8d3-42f4-9e47-2cc32c4cb5ce/0009/theta,-8.521733
05ccd11f-9082-4273-aefa-f8386f9ac125/0031/r,16.172825
05ccd11f-9082-4273-aefa-f8386f9ac125/0031/theta,-32.126396
aa3e1716-992d-48a6-9b2b-1abef589b301/0006/r,20.716333
aa3e1716-992d-48a6-9b2b-1abef589b301/0006/theta,27.854008
21466ee9-c1b6-4699-afcc-84128f8d0b1e/0033/r,19.034584
21466ee9-c1b6-4699-afcc-84128f8d0b1e/0033/theta,2.978267
eccfbc47-1e2f-4754-9fa7-4f56903cd13d/0003/r,23.015131
eccfbc47-1e2f-4754-9fa7-4f56903cd13d/0003/theta,-33.144577
4bdadb60-87ad-4a69-92a0-8d99e2fe3a51/0009/r,13.615316
4bdadb60-87ad-4a69-92a0-8d99e2fe3a51/0009/theta,5.4235506
bc97d88d-8c86-4653-86a5-4597485ce018/0003/r,33.576134
bc97d88d-8c86-4653-86a5-4597485ce018/0003/theta,-18.63276
561f3498-8181-4eca-bfda-5f3d61ba76ef/0030/r,34.709217
561f3498-8181-4eca-bfda-5f3d61ba76ef/0030/theta,-32.347343
9777f121-d32a-4eba-ad84-7b1b579d9f32/0008/r,46.30164
9777f121-d32a-4eba-ad84-7b1b579d9f32/0008/theta,4.1279144
0382f411-9b8a-47dc-bd88-eac8245a28ee/0062/r,25
0382f411-9b8a-47dc-bd88-eac8245a28ee/0062/theta,0
1d954255-b8d3-42f4-9e47-2cc32c4cb5ce/0033/r,32.3466
1d954255-b8d3-42f4-9e47-2cc32c4cb5ce/0033/theta,-2.3687048
87e9e215-a030-476d-ac5f-f1f4d06ac0c9/0045/r,43.737595
87e9e215-a030-476d-ac5f-f1f4d06ac0c9/0045/theta,-7.4319277
05ccd11f-9082-4273-aefa-f8386f9ac125/0000/r,3.9971735
05ccd11f-9082-4273-aefa-f8386f9ac125/0000/theta,-46.52573
94835623-ca6c-4ac4-82d4-0e63c1b7c16a/0024/r,8.203214
94835623-ca6c-4ac4-82d4-0e63c1b7c16a/0024/theta,3.4548485
0382f411-9b8a-47dc-bd88-eac8245a28ee/0053/r,15.968589
0382f411-9b8a-47dc-bd88-eac8245a28ee/0053/theta,-3.858559
ee2d1ee9-dd1d-4e63-9881-19205c5dae27/0017/r,25
ee2d1ee9-dd1d-4e63-9881-19205c5dae27/0017/theta,0
6cc9eaa6-ab67-4102-b088-4ab6efa2af6e/0004/r,14.500955
6cc9eaa6-ab67-4102-b088-4ab6efa2af6e/0004/theta,-16.865162
9777f121-d32a-4eba-ad84-7b1b579d9f32/0029/r,28.118137
9777f121-d32a-4eba-ad84-7b1b579d9f32/0029/theta,-6.989337
21466ee9-c1b6-4699-afcc-84128f8d0b1e/0031/r,24.553978
21466ee9-c1b6-4699-afcc-84128f8d0b1e/0031/theta,2.4323452
87e9e215-a030-476d-ac5f-f1f4d06ac0c9/0059/r,12.5126295
87e9e215-a030-476d-ac5f-f1f4d06ac0c9/0059/theta,3.8197615
c8f59cc1-94da-4419-9946-8b1e4a42bbcd/0013/r,25
c8f59cc1-94da-4419-9946-8b1e4a42bbcd/0013/theta,0
55bfa58c-415e-443e-aaa0-c6716f66f780/0051/r,30.018522
55bfa58c-415e-443e-aaa0-c6716f66f780/0051/theta,-6.9503927
030a2430-5503-47c8-87df-8df226c188b2/0071/r,16.38117
030a2430-5503-47c8-87df-8df226c188b2/0071/theta,-0.8632438
94df467e-76d8-42c3-b45d-dcebf6131998/0003/r,4.8716125
94df467e-76d8-42c3-b45d-dcebf6131998/0003/theta,0.6751063
43125b79-258a-42c8-8572-fcad85e3c3be/0011/r,41.979984
43125b79-258a-42c8-8572-fcad85e3c3be/0011/theta,6.2573786
7363cba9-9fbb-4fd2-8c07-e46bed2e1f33/0013/r,30.816454
7363cba9-9fbb-4fd2-8c07-e46bed2e1f33/0013/theta,1.6000445
87e9e215-a030-476d-ac5f-f1f4d06ac0c9/0055/r,14.341981
87e9e215-a030-476d-ac5f-f1f4d06ac0c9/0055/theta,1.4818397
58e8bf48-c131-42fb-b5f6-f63e6dc09483/0008/r,26.983168
58e8bf48-c131-42fb-b5f6-f63e6dc09483/0008/theta,-31.179836
6662fdd2-4512-4fce-84b0-717edcd5f54c/0029/r,40.253696
6662fdd2-4512-4fce-84b0-717edcd5f54c/0029/theta,-4.1096315
87e9e215-a030-476d-ac5f-f1f4d06ac0c9/0053/r,36.293987
87e9e215-a030-476d-ac5f-f1f4d06ac0c9/0053/theta,8.074519
561f3498-8181-4eca-bfda-5f3d61ba76ef/0001/r,13.321174
561f3498-8181-4eca-bfda-5f3d61ba76ef/0001/theta,-6.224658
f8e9737c-639e-433f-8f28-2d7660d63181/0018/r,25
f8e9737c-639e-433f-8f28-2d7660d63181/0018/theta,0
597b5172-e412-4827-9b78-6b3585569148/0002/r,3.9567916
597b5172-e412-4827-9b78-6b3585569148/0002/theta,-18.244621
d441b25e-dd7d-46c2-895d-2510bcbd207d/0049/r,31.253126
d441b25e-dd7d-46c2-895d-2510bcbd207d/0049/theta,17.84407
7363cba9-9fbb-4fd2-8c07-e46bed2e1f33/0014/r,13.470845
7363cba9-9fbb-4fd2-8c07-e46bed2e1f33/0014/theta,4.0609426
d441b25e-dd7d-46c2-895d-2510bcbd207d/0056/r,15.262913
d441b25e-dd7d-46c2-895d-2510bcbd207d/0056/theta,-16.076757
6cc9eaa6-ab67-4102-b088-4ab6efa2af6e/0003/r,6.259301
6cc9eaa6-ab67-4102-b088-4ab6efa2af6e/0003/theta,-34.84759
1d954255-b8d3-42f4-9e47-2cc32c4cb5ce/0028/r,6.9716654
1d954255-b8d3-42f4-9e47-2cc32c4cb5ce/0028/theta,-11.097499
94df467e-76d8-42c3-b45d-dcebf6131998/0017/r,9.470974
94df467e-76d8-42c3-b45d-dcebf6131998/0017/theta,3.1150305
f231aa86-53f9-4ddf-b163-0bb421b5c1b1/0011/r,39.899418
f231aa86-53f9-4ddf-b163-0bb421b5c1b1/0011/theta,-30.728935
b89ca3c0-b361-43f8-b261-ab7eabe8eabf/0018/r,34.989056
b89ca3c0-b361-43f8-b261-ab7eabe8eabf/0018/theta,2.6746142
87e9e215-a030-476d-ac5f-f1f4d06ac0c9/0050/r,15.793225
87e9e215-a030-476d-ac5f-f1f4d06ac0c9/0050/theta,2.9181402
030a2430-5503-47c8-87df-8df226c188b2/0043/r,50.73912
030a2430-5503-47c8-87df-8df226c188b2/0043/theta,-18.731157
6662fdd2-4512-4fce-84b0-717edcd5f54c/0038/r,27.374365
6662fdd2-4512-4fce-84b0-717edcd5f54c/0038/theta,7.2880907
cfb2daae-611b-4b73-9084-6dbf68c8343d/0007/r,6.8836555
cfb2daae-611b-4b73-9084-6dbf68c8343d/0007/theta,-35.102234
0213ada8-e776-4404-9312-c264153c57c1/0023/r,56.64914
0213ada8-e776-4404-9312-c264153c57c1/0023/theta,1.6289208
9777f121-d32a-4eba-ad84-7b1b579d9f32/0028/r,14.244519
9777f121-d32a-4eba-ad84-7b1b579d9f32/0028/theta,-9.067285
94835623-ca6c-4ac4-82d4-0e63c1b7c16a/0023/r,8.044353
94835623-ca6c-4ac4-82d4-0e63c1b7c16a/0023/theta,3.8295906
d441b25e-dd7d-46c2-895d-2510bcbd207d/0020/r,33.324425
d441b25e-dd7d-46c2-895d-2510bcbd207d/0020/theta,-6.0631723
f8b71ebf-da9e-408f-a080-6a972365160b/0035/r,5.9540625
f8b71ebf-da9e-408f-a080-6a972365160b/0035/theta,-7.670451
aa3e1716-992d-48a6-9b2b-1abef589b301/0005/r,19.860634
aa3e1716-992d-48a6-9b2b-1abef589b301/0005/theta,10.793036
d441b25e-dd7d-46c2-895d-2510bcbd207d/0004/r,6.6394224
d441b25e-dd7d-46c2-895d-2510bcbd207d/0004/theta,10.922341
2b0b4d7d-2d10-46c6-b81d-6a7ec08ad6a9/0020/r,34.34792
2b0b4d7d-2d10-46c6-b81d-6a7ec08ad6a9/0020/theta,19.368382
d441b25e-dd7d-46c2-895d-2510bcbd207d/0027/r,35.949703
d441b25e-dd7d-46c2-895d-2510bcbd207d/0027/theta,-37.653336
59f19071-a9b1-4de8-b7fd-2a862d2ae674/0001/r,44.568157
59f19071-a9b1-4de8-b7fd-2a862d2ae674/0001/theta,-13.4132185
0213ada8-e776-4404-9312-c264153c57c1/0011/r,7.915612
0213ada8-e776-4404-9312-c264153c57c1/0011/theta,7.17797
5d07a8d5-1fed-47ef-8bb7-a6074763e09e/0020/r,6.639639
5d07a8d5-1fed-47ef-8bb7-a6074763e09e/0020/theta,-28.45132
7363cba9-9fbb-4fd2-8c07-e46bed2e1f33/0010/r,53.673084
7363cba9-9fbb-4fd2-8c07-e46bed2e1f33/0010/theta,-1.3159893
0213ada8-e776-4404-9312-c264153c57c1/0000/r,20.72481
0213ada8-e776-4404-9312-c264153c57c1/0000/theta,4.3476725
33258271-d00b-47bb-a09a-4db79a4717e0/0029/r,8.5591135
33258271-d00b-47bb-a09a-4db79a4717e0/0029/theta,-31.002361
f231aa86-53f9-4ddf-b163-0bb421b5c1b1/0024/r,20.32965
f231aa86-53f9-4ddf-b163-0bb421b5c1b1/0024/theta,-11.281431
0213ada8-e776-4404-9312-c264153c57c1/0003/r,8.395921
0213ada8-e776-4404-9312-c264153c57c1/0003/theta,9.51114
b89ca3c0-b361-43f8-b261-ab7eabe8eabf/0015/r,43.81968
b89ca3c0-b361-43f8-b261-ab7eabe8eabf/0015/theta,11.098282
ee2d1ee9-dd1d-4e63-9881-19205c5dae27/0057/r,8.440078
ee2d1ee9-dd1d-4e63-9881-19205c5dae27/0057/theta,3.9802873
eccfbc47-1e2f-4754-9fa7-4f56903cd13d/0002/r,14.46989
eccfbc47-1e2f-4754-9fa7-4f56903cd13d/0002/theta,-28.92545
0382f411-9b8a-47dc-bd88-eac8245a28ee/0047/r,49.32354
0382f411-9b8a-47dc-bd88-eac8245a28ee/0047/theta,-8.821899
ee2d1ee9-dd1d-4e63-9881-19205c5dae27/0049/r,7.491102
ee2d1ee9-dd1d-4e63-9881-19205c5dae27/0049/theta,3.2738488
0382f411-9b8a-47dc-bd88-eac8245a28ee/0033/r,5.814945
0382f411-9b8a-47dc-bd88-eac8245a28ee/0033/theta,-28.512857
59f19071-a9b1-4de8-b7fd-2a862d2ae674/0038/r,26.074677
59f19071-a9b1-4de8-b7fd-2a862d2ae674/0038/theta,36.441517
9777f121-d32a-4eba-ad84-7b1b579d9f32/0022/r,39.621105
9777f121-d32a-4eba-ad84-7b1b579d9f32/0022/theta,-4.6956606
cfb2daae-611b-4b73-9084-6dbf68c8343d/0000/r,25
cfb2daae-611b-4b73-9084-6dbf68c8343d/0000/theta,0
0213ada8-e776-4404-9312-c264153c57c1/0012/r,8.428703
0213ada8-e776-4404-9312-c264153c57c1/0012/theta,8.385868
94835623-ca6c-4ac4-82d4-0e63c1b7c16a/0027/r,7.70634
94835623-ca6c-4ac4-82d4-0e63c1b7c16a/0027/theta,3.6955144
aa3e1716-992d-48a6-9b2b-1abef589b301/0004/r,15.353364
aa3e1716-992d-48a6-9b2b-1abef589b301/0004/theta,3.9529107
eccfbc47-1e2f-4754-9fa7-4f56903cd13d/0014/r,21.056858
eccfbc47-1e2f-4754-9fa7-4f56903cd13d/0014/theta,-12.893796
030a2430-5503-47c8-87df-8df226c188b2/0001/r,17.31992
030a2430-5503-47c8-87df-8df226c188b2/0001/theta,20.961157
8cfc1ad6-6b03-40bc-8f6e-4215a6741bc3/0015/r,32.56154
8cfc1ad6-6b03-40bc-8f6e-4215a6741bc3/0015/theta,-20.10732
4bdadb60-87ad-4a69-92a0-8d99e2fe3a51/0012/r,14.084854
4bdadb60-87ad-4a69-92a0-8d99e2fe3a51/0012/theta,4.398262
21466ee9-c1b6-4699-afcc-84128f8d0b1e/0018/r,15.441168
21466ee9-c1b6-4699-afcc-84128f8d0b1e/0018/theta,6.432461
f8e9737c-639e-433f-8f28-2d7660d63181/0036/r,27.710785
f8e9737c-639e-433f-8f28-2d7660d63181/0036/theta,40.08713
5d07a8d5-1fed-47ef-8bb7-a6074763e09e/0007/r,7.8106394
5d07a8d5-1fed-47ef-8bb7-a6074763e09e/0007/theta,2.3144934
87e9e215-a030-476d-ac5f-f1f4d06ac0c9/0062/r,12.200739
87e9e215-a030-476d-ac5f-f1f4d06ac0c9/0062/theta,3.7117712
0382f411-9b8a-47dc-bd88-eac8245a28ee/0016/r,36.16962
0382f411-9b8a-47dc-bd88-eac8245a28ee/0016/theta,22.444252
030a2430-5503-47c8-87df-8df226c188b2/0056/r,16.04411
030a2430-5503-47c8-87df-8df226c188b2/0056/theta,0.8456397
05ccd11f-9082-4273-aefa-f8386f9ac125/0038/r,26.33757
05ccd11f-9082-4273-aefa-f8386f9ac125/0038/theta,-15.33542
6cd404eb-1c36-4bde-b9b1-24b39b2c715f/0023/r,45.836056
6cd404eb-1c36-4bde-b9b1-24b39b2c715f/0023/theta,-7.911809
5d07a8d5-1fed-47ef-8bb7-a6074763e09e/0015/r,5.9307775
5d07a8d5-1fed-47ef-8bb7-a6074763e09e/0015/theta,3.0346115
6662fdd2-4512-4fce-84b0-717edcd5f54c/0063/r,25
6662fdd2-4512-4fce-84b0-717edcd5f54c/0063/theta,0
1d954255-b8d3-42f4-9e47-2cc32c4cb5ce/0027/r,19.156853
1d954255-b8d3-42f4-9e47-2cc32c4cb5ce/0027/theta,31.591568
ec1672b2-15ee-4dcb-a6a0-1f524a1977d4/0027/r,15.952982
ec1672b2-15ee-4dcb-a6a0-1f524a1977d4/0027/theta,-0.59237146
9d602547-bdf8-45e3-9b16-81c6fe9338e4/0004/r,37.361614
9d602547-bdf8-45e3-9b16-81c6fe9338e4/0004/theta,-37.260574
21466ee9-c1b6-4699-afcc-84128f8d0b1e/0027/r,22.190016
21466ee9-c1b6-4699-afcc-84128f8d0b1e/0027/theta,2.1765044
87e9e215-a030-476d-ac5f-f1f4d06ac0c9/0058/r,11.571694
87e9e215-a030-476d-ac5f-f1f4d06ac0c9/0058/theta,3.970444
4819ef9e-e93e-479b-a613-dca8f9be3d45/0002/r,26.041853
4819ef9e-e93e-479b-a613-dca8f9be3d45/0002/theta,-38.555225
43125b79-258a-42c8-8572-fcad85e3c3be/0000/r,31.796022
43125b79-258a-42c8-8572-fcad85e3c3be/0000/theta,-31.713226
0382f411-9b8a-47dc-bd88-eac8245a28ee/0035/r,28.614418
0382f411-9b8a-47dc-bd88-eac8245a28ee/0035/theta,-25.735031
94df467e-76d8-42c3-b45d-dcebf6131998/0001/r,4.9032793
94df467e-76d8-42c3-b45d-dcebf6131998/0001/theta,0.57789254
4819ef9e-e93e-479b-a613-dca8f9be3d45/0005/r,38.96908
4819ef9e-e93e-479b-a613-dca8f9be3d45/0005/theta,-12.090976
